{"v":"4.8.0","meta":{"g":"LottieFiles AE ","a":"","k":"","d":"","tc":""},"fr":30,"ip":0,"op":150,"w":500,"h":500,"nm":"9 - Cloud storage","ddd":0,"assets":[],"layers":[{"ddd":0,"ind":2,"ty":4,"nm":"Ok","parent":4,"sr":1,"ks":{"o":{"a":0,"k":100,"ix":11},"r":{"a":0,"k":0,"ix":10},"p":{"a":0,"k":[64.385,-82.189,0],"ix":2},"a":{"a":0,"k":[79.833,72.23,0],"ix":1},"s":{"a":0,"k":[100,100,100],"ix":6}},"ao":0,"shapes":[{"ty":"gr","it":[{"ind":0,"ty":"sh","ix":1,"ks":{"a":0,"k":{"i":[[0,0],[0,0],[0,0]],"o":[[0,0],[0,0],[0,0]],"v":[[64.952,-57.611],[-13.343,32.23],[-39.834,0.116]],"c":false},"ix":2},"nm":"Path 1","mn":"ADBE Vector Shape - Group","hd":false},{"ty":"st","c":{"a":0,"k":[0.372999991623,0.4,0.458999992819,1],"ix":3,"x":"var $bm_rt;\ntry {\n    $bm_rt = thisComp.layer('Controller').effect('Color')('ADBE Color Control-0001');\n} catch (e) {\n    $bm_rt = value;\n}"},"o":{"a":0,"k":100,"ix":4},"w":{"a":0,"k":16,"ix":5},"lc":2,"lj":2,"bm":0,"nm":"Stroke 1","mn":"ADBE Vector Graphic - Stroke","hd":false},{"ty":"tr","p":{"a":0,"k":[79.833,72.23],"ix":2},"a":{"a":0,"k":[0,0],"ix":1},"s":{"a":0,"k":[100,100],"ix":3},"r":{"a":0,"k":0,"ix":6},"o":{"a":0,"k":100,"ix":7},"sk":{"a":0,"k":0,"ix":4},"sa":{"a":0,"k":0,"ix":5},"nm":"Transform"}],"nm":"Group 1","np":2,"cix":2,"bm":0,"ix":1,"mn":"ADBE Vector Group","hd":false},{"ty":"tm","s":{"a":1,"k":[{"i":{"x":[0.3],"y":[1]},"o":{"x":[0.7],"y":[0]},"t":80,"s":[25]},{"i":{"x":[0.3],"y":[1]},"o":{"x":[0.7],"y":[0]},"t":96,"s":[35]},{"i":{"x":[0.3],"y":[1]},"o":{"x":[0.7],"y":[0]},"t":113,"s":[15]},{"t":129,"s":[25]}],"ix":1},"e":{"a":0,"k":100,"ix":2},"o":{"a":0,"k":0,"ix":3},"m":1,"ix":2,"nm":"Trim Paths 1","mn":"ADBE Vector Filter - Trim","hd":false}],"ip":0,"op":150,"st":0,"bm":0},{"ddd":0,"ind":3,"ty":4,"nm":"Line Ellipse","parent":4,"sr":1,"ks":{"o":{"a":0,"k":100,"ix":11},"r":{"a":0,"k":0,"ix":10},"p":{"a":0,"k":[51,-80,0],"ix":2},"a":{"a":0,"k":[95,95,0],"ix":1},"s":{"a":0,"k":[100,100,100],"ix":6}},"ao":0,"shapes":[{"ty":"gr","it":[{"ind":0,"ty":"sh","ix":1,"ks":{"a":0,"k":{"i":[[0,-33.137],[33.137,0],[0,33.137],[-33.137,0]],"o":[[0,33.137],[-33.137,0],[0,-33.137],[33.137,0]],"v":[[60,0],[0,60],[-60,0],[0,-60]],"c":true},"ix":2},"nm":"Path 1","mn":"ADBE Vector Shape - Group","hd":false},{"ty":"st","c":{"a":0,"k":[1,0.728999956916,0.301999978458,1],"ix":3,"x":"var $bm_rt;\ntry {\n    $bm_rt = thisComp.layer('Controller').effect('Color 2')('ADBE Color Control-0001');\n} catch (e) {\n    $bm_rt = value;\n}"},"o":{"a":0,"k":100,"ix":4},"w":{"a":0,"k":14,"ix":5},"lc":2,"lj":2,"bm":0,"nm":"Stroke 1","mn":"ADBE Vector Graphic - Stroke","hd":false},{"ty":"fl","c":{"a":0,"k":[1,0.862999949736,0.411999990426,1],"ix":4,"x":"var $bm_rt;\ntry {\n    $bm_rt = thisComp.layer('Controller').effect('Color 3')('ADBE Color Control-0001');\n} catch (e) {\n    $bm_rt = value;\n}"},"o":{"a":0,"k":100,"ix":5},"r":1,"bm":0,"nm":"Fill 1","mn":"ADBE Vector Graphic - Fill","hd":false},{"ty":"tr","p":{"a":0,"k":[95,95],"ix":2},"a":{"a":0,"k":[0,0],"ix":1},"s":{"a":0,"k":[100,100],"ix":3},"r":{"a":0,"k":0,"ix":6},"o":{"a":0,"k":100,"ix":7},"sk":{"a":0,"k":0,"ix":4},"sa":{"a":0,"k":0,"ix":5},"nm":"Transform"}],"nm":"Group 1","np":3,"cix":2,"bm":0,"ix":1,"mn":"ADBE Vector Group","hd":false},{"ty":"tm","s":{"a":1,"k":[{"i":{"x":[0.3],"y":[1]},"o":{"x":[0.7],"y":[0]},"t":83,"s":[10]},{"i":{"x":[0.3],"y":[1]},"o":{"x":[0.7],"y":[0]},"t":99,"s":[20]},{"i":{"x":[0.3],"y":[1]},"o":{"x":[0.7],"y":[0]},"t":116,"s":[6]},{"t":132,"s":[10]}],"ix":1},"e":{"a":1,"k":[{"i":{"x":[0.3],"y":[1]},"o":{"x":[0.7],"y":[0]},"t":83,"s":[90]},{"i":{"x":[0.3],"y":[1]},"o":{"x":[0.7],"y":[0]},"t":99,"s":[80]},{"i":{"x":[0.3],"y":[1]},"o":{"x":[0.7],"y":[0]},"t":116,"s":[94]},{"t":132,"s":[90]}],"ix":2},"o":{"a":0,"k":-28,"ix":3},"m":1,"ix":2,"nm":"Trim Paths 1","mn":"ADBE Vector Filter - Trim","hd":false}],"ip":0,"op":150,"st":0,"bm":0},{"ddd":0,"ind":4,"ty":4,"nm":"Ellipse 1","sr":1,"ks":{"o":{"a":0,"k":100,"ix":11},"r":{"a":1,"k":[{"i":{"x":[0.3],"y":[1]},"o":{"x":[0.7],"y":[0]},"t":78,"s":[0]},{"i":{"x":[0.3],"y":[1]},"o":{"x":[0.7],"y":[0]},"t":94,"s":[-15]},{"i":{"x":[0.3],"y":[1]},"o":{"x":[0.7],"y":[0]},"t":111,"s":[15]},{"t":127,"s":[0]}],"ix":10},"p":{"a":0,"k":[275,265,0],"ix":2},"a":{"a":0,"k":[51,-80,0],"ix":1},"s":{"a":1,"k":[{"i":{"x":[0.3,0.3,0.3],"y":[1,1,1]},"o":{"x":[0.7,0.7,0.7],"y":[0,0,0]},"t":78,"s":[0,0,100]},{"i":{"x":[0.3,0.3,0.3],"y":[1,1,1]},"o":{"x":[0.7,0.7,0.7],"y":[0,0,0]},"t":94,"s":[120,120,100]},{"i":{"x":[0.3,0.3,0.3],"y":[1,1,1]},"o":{"x":[0.7,0.7,0.7],"y":[0,0,0]},"t":111,"s":[120,120,100]},{"t":127,"s":[0,0,100]}],"ix":6}},"ao":0,"shapes":[{"ty":"gr","it":[{"d":1,"ty":"el","s":{"a":0,"k":[180,180],"ix":2},"p":{"a":0,"k":[0,0],"ix":3},"nm":"Ellipse Path 1","mn":"ADBE Vector Shape - Ellipse","hd":false},{"ty":"st","c":{"a":0,"k":[1,0.729411764706,0.301960784314,1],"ix":3,"x":"var $bm_rt;\ntry {\n    $bm_rt = thisComp.layer('Controller')('Effects')('Color 2')('ADBE Color Control-0001');\n} catch (e) {\n    $bm_rt = value;\n}"},"o":{"a":0,"k":100,"ix":4},"w":{"a":0,"k":0,"ix":5},"lc":1,"lj":1,"ml":4,"bm":0,"nm":"Stroke 1","mn":"ADBE Vector Graphic - Stroke","hd":false},{"ty":"fl","c":{"a":0,"k":[1,0.862744978362,0.411765005074,1],"ix":4,"x":"var $bm_rt;\ntry {\n    $bm_rt = thisComp.layer('Controller')('Effects')('Color 3')('ADBE Color Control-0001');\n} catch (e) {\n    $bm_rt = value;\n}"},"o":{"a":0,"k":100,"ix":5},"r":1,"bm":0,"nm":"Fill 1","mn":"ADBE Vector Graphic - Fill","hd":false},{"ty":"tr","p":{"a":0,"k":[51,-80],"ix":2},"a":{"a":0,"k":[0,0],"ix":1},"s":{"a":0,"k":[100,100],"ix":3},"r":{"a":0,"k":0,"ix":6},"o":{"a":0,"k":100,"ix":7},"sk":{"a":0,"k":0,"ix":4},"sa":{"a":0,"k":0,"ix":5},"nm":"Transform"}],"nm":"Ellipse 1","np":3,"cix":2,"bm":0,"ix":1,"mn":"ADBE Vector Group","hd":false}],"ip":0,"op":150,"st":0,"bm":0},{"ddd":0,"ind":5,"ty":4,"nm":"Server 6","sr":1,"ks":{"o":{"a":0,"k":100,"ix":11},"r":{"a":0,"k":0,"ix":10},"p":{"a":1,"k":[{"i":{"x":0.833,"y":0.833},"o":{"x":0.7,"y":0},"t":132,"s":[280,395,0],"to":[0,0,0],"ti":[0,0,0]},{"t":147,"s":[280,255,0]}],"ix":2},"a":{"a":0,"k":[282.325,257.487,0],"ix":1},"s":{"a":0,"k":[100,100,100],"ix":6}},"ao":0,"shapes":[{"ty":"gr","it":[{"ty":"gr","it":[{"ind":0,"ty":"sh","ix":1,"ks":{"a":0,"k":{"i":[[1.119,1.109],[0.33,0.22],[0.36,0.15],[0.389,0.071],[0.769,-0.159],[0.369,-0.15],[0.32,-0.22],[0.27,-0.28],[0,-1.58],[-1.121,-1.109],[-1.58,0],[-0.38,0.08],[-0.361,0.15],[-0.33,0.21],[-0.271,0.281],[0,1.58]],"o":[[-0.271,-0.28],[-0.32,-0.22],[-0.371,-0.15],[-0.771,-0.159],[-0.391,0.071],[-0.36,0.15],[-0.33,0.22],[-1.121,1.109],[0,1.58],[1.11,1.121],[0.389,0],[0.389,-0.08],[0.37,-0.15],[0.33,-0.219],[1.119,-1.12],[0,-1.58]],"v":[[4.24,-4.22],[3.33,-4.97],[2.3,-5.52],[1.17,-5.861],[-1.17,-5.861],[-2.3,-5.52],[-3.33,-4.97],[-4.24,-4.22],[-6,0.02],[-4.24,4.259],[0,6.02],[1.17,5.9],[2.29,5.56],[3.33,5.009],[4.24,4.259],[6,0.02]],"c":true},"ix":2},"nm":"Path 1","mn":"ADBE Vector Shape - Group","hd":false},{"ty":"fl","c":{"a":0,"k":[0.372999995947,0.40000000596,0.458999991417,1],"ix":4,"x":"var $bm_rt;\ntry {\n    $bm_rt = thisComp.layer('Controller')('Effects')('Color')('ADBE Color Control-0001');\n} catch (e) {\n    $bm_rt = value;\n}"},"o":{"a":0,"k":100,"ix":5},"r":1,"bm":0,"nm":"Fill 1","mn":"ADBE Vector Graphic - Fill","hd":false},{"ty":"tr","p":{"a":0,"k":[51.25,6.27],"ix":2},"a":{"a":0,"k":[0,0],"ix":1},"s":{"a":1,"k":[{"i":{"x":[0.25,0.25],"y":[1,1]},"o":{"x":[0.75,0.75],"y":[0,0]},"t":39,"s":[100,100]},{"i":{"x":[0.25,0.25],"y":[1,1]},"o":{"x":[0.75,0.75],"y":[0,0]},"t":46,"s":[150,150]},{"i":{"x":[0.25,0.25],"y":[1,1]},"o":{"x":[0.75,0.75],"y":[0,0]},"t":53,"s":[50,50]},{"t":60,"s":[100,100]}],"ix":3},"r":{"a":0,"k":0,"ix":6},"o":{"a":0,"k":100,"ix":7},"sk":{"a":0,"k":0,"ix":4},"sa":{"a":0,"k":0,"ix":5},"nm":"Transform"}],"nm":"Group 1","np":2,"cix":2,"bm":0,"ix":1,"mn":"ADBE Vector Group","hd":false},{"ty":"gr","it":[{"ind":0,"ty":"sh","ix":1,"ks":{"a":0,"k":{"i":[[3.31,0],[0,-3.32],[-3.311,0],[0,3.31]],"o":[[-3.311,0],[0,3.31],[3.31,0],[0,-3.32]],"v":[[0,-6],[-6,0],[0,6],[6,0]],"c":true},"ix":2},"nm":"Path 1","mn":"ADBE Vector Shape - Group","hd":false},{"ty":"fl","c":{"a":0,"k":[0.372999995947,0.40000000596,0.458999991417,1],"ix":4,"x":"var $bm_rt;\ntry {\n    $bm_rt = thisComp.layer('Controller')('Effects')('Color')('ADBE Color Control-0001');\n} catch (e) {\n    $bm_rt = value;\n}"},"o":{"a":0,"k":100,"ix":5},"r":1,"bm":0,"nm":"Fill 1","mn":"ADBE Vector Graphic - Fill","hd":false},{"ty":"tr","p":{"a":0,"k":[28.75,6.29],"ix":2},"a":{"a":0,"k":[0,0],"ix":1},"s":{"a":1,"k":[{"i":{"x":[0.25,0.25],"y":[1,1]},"o":{"x":[0.75,0.75],"y":[0,0]},"t":36,"s":[100,100]},{"i":{"x":[0.25,0.25],"y":[1,1]},"o":{"x":[0.75,0.75],"y":[0,0]},"t":43,"s":[150,150]},{"i":{"x":[0.25,0.25],"y":[1,1]},"o":{"x":[0.75,0.75],"y":[0,0]},"t":50,"s":[50,50]},{"t":57,"s":[100,100]}],"ix":3},"r":{"a":0,"k":0,"ix":6},"o":{"a":0,"k":100,"ix":7},"sk":{"a":0,"k":0,"ix":4},"sa":{"a":0,"k":0,"ix":5},"nm":"Transform"}],"nm":"Group 2","np":2,"cix":2,"bm":0,"ix":2,"mn":"ADBE Vector Group","hd":false},{"ty":"gr","it":[{"ind":0,"ty":"sh","ix":1,"ks":{"a":0,"k":{"i":[[1.58,0],[1.12,-1.12],[0.219,-0.33],[0.149,-0.359],[0.069,-0.391],[0,-0.391],[-1.12,-1.12],[-0.33,-0.219],[-0.36,-0.15],[-0.391,-0.08],[-0.391,0],[-1.11,1.12],[0,1.58],[1.119,1.109]],"o":[[-1.58,0],[-0.281,0.269],[-0.22,0.319],[-0.15,0.37],[-0.08,0.38],[0,1.58],[0.27,0.281],[0.32,0.21],[0.369,0.149],[0.38,0.08],[1.58,0],[1.119,-1.12],[0,-1.58],[-1.12,-1.12]],"v":[[0,-6],[-4.24,-4.24],[-4.99,-3.33],[-5.54,-2.301],[-5.88,-1.17],[-6,0],[-4.24,4.239],[-3.33,4.989],[-2.3,5.54],[-1.17,5.88],[0,6],[4.24,4.239],[6,0],[4.24,-4.24]],"c":true},"ix":2},"nm":"Path 1","mn":"ADBE Vector Shape - Group","hd":false},{"ty":"fl","c":{"a":0,"k":[0.372999995947,0.40000000596,0.458999991417,1],"ix":4,"x":"var $bm_rt;\ntry {\n    $bm_rt = thisComp.layer('Controller')('Effects')('Color')('ADBE Color Control-0001');\n} catch (e) {\n    $bm_rt = value;\n}"},"o":{"a":0,"k":100,"ix":5},"r":1,"bm":0,"nm":"Fill 1","mn":"ADBE Vector Graphic - Fill","hd":false},{"ty":"tr","p":{"a":0,"k":[6.25,6.29],"ix":2},"a":{"a":0,"k":[0,0],"ix":1},"s":{"a":1,"k":[{"i":{"x":[0.25,0.25],"y":[1,1]},"o":{"x":[0.75,0.75],"y":[0,0]},"t":33,"s":[100,100]},{"i":{"x":[0.25,0.25],"y":[1,1]},"o":{"x":[0.75,0.75],"y":[0,0]},"t":40,"s":[150,150]},{"i":{"x":[0.25,0.25],"y":[1,1]},"o":{"x":[0.75,0.75],"y":[0,0]},"t":47,"s":[50,50]},{"t":54,"s":[100,100]}],"ix":3},"r":{"a":0,"k":0,"ix":6},"o":{"a":0,"k":100,"ix":7},"sk":{"a":0,"k":0,"ix":4},"sa":{"a":0,"k":0,"ix":5},"nm":"Transform"}],"nm":"Group 3","np":2,"cix":2,"bm":0,"ix":3,"mn":"ADBE Vector Group","hd":false},{"ty":"tr","p":{"a":0,"k":[330,267.45],"ix":2},"a":{"a":0,"k":[28.75,6.29],"ix":1},"s":{"a":0,"k":[100,100],"ix":3},"r":{"a":0,"k":0,"ix":6},"o":{"a":0,"k":100,"ix":7},"sk":{"a":0,"k":0,"ix":4},"sa":{"a":0,"k":0,"ix":5},"nm":"Transform"}],"nm":"Points 1","np":3,"cix":2,"bm":0,"ix":1,"mn":"ADBE Vector Group","hd":false},{"ty":"gr","it":[{"ty":"gr","it":[{"ind":0,"ty":"sh","ix":1,"ks":{"a":0,"k":{"i":[[0,0],[0,0]],"o":[[0,0],[0,0]],"v":[[5,5],[55,5]],"c":false},"ix":2},"nm":"Path 1","mn":"ADBE Vector Shape - Group","hd":false},{"ty":"st","c":{"a":0,"k":[0.372999995947,0.40000000596,0.458999991417,1],"ix":3,"x":"var $bm_rt;\ntry {\n    $bm_rt = thisComp.layer('Controller')('Effects')('Color')('ADBE Color Control-0001');\n} catch (e) {\n    $bm_rt = value;\n}"},"o":{"a":0,"k":100,"ix":4},"w":{"a":0,"k":10,"ix":5},"lc":1,"lj":2,"bm":0,"nm":"Stroke 1","mn":"ADBE Vector Graphic - Stroke","hd":false},{"ty":"tr","p":{"a":0,"k":[0,0],"ix":2},"a":{"a":0,"k":[0,0],"ix":1},"s":{"a":0,"k":[100,100],"ix":3},"r":{"a":0,"k":0,"ix":6},"o":{"a":0,"k":100,"ix":7},"sk":{"a":0,"k":0,"ix":4},"sa":{"a":0,"k":0,"ix":5},"nm":"Transform"}],"nm":"Group 1","np":2,"cix":2,"bm":0,"ix":1,"mn":"ADBE Vector Group","hd":false},{"ty":"tm","s":{"a":1,"k":[{"i":{"x":[0.833],"y":[1]},"o":{"x":[0.75],"y":[0]},"t":33,"s":[0]},{"i":{"x":[0.25],"y":[1]},"o":{"x":[0.167],"y":[0]},"t":47,"s":[50]},{"t":61,"s":[0]}],"ix":1},"e":{"a":1,"k":[{"i":{"x":[0.833],"y":[1]},"o":{"x":[0.75],"y":[0]},"t":33,"s":[100]},{"i":{"x":[0.25],"y":[1]},"o":{"x":[0.167],"y":[0]},"t":47,"s":[50]},{"t":61,"s":[100]}],"ix":2},"o":{"a":0,"k":0,"ix":3},"m":1,"ix":2,"nm":"Trim Paths 1","mn":"ADBE Vector Filter - Trim","hd":false},{"ty":"tr","p":{"a":0,"k":[235,267.449],"ix":2},"a":{"a":0,"k":[30,5],"ix":1},"s":{"a":0,"k":[100,100],"ix":3},"r":{"a":0,"k":0,"ix":6},"o":{"a":0,"k":100,"ix":7},"sk":{"a":0,"k":0,"ix":4},"sa":{"a":0,"k":0,"ix":5},"nm":"Transform"}],"nm":"Line 1","np":2,"cix":2,"bm":0,"ix":2,"mn":"ADBE Vector Group","hd":false},{"ty":"gr","it":[{"ty":"gr","it":[{"ind":0,"ty":"sh","ix":1,"ks":{"a":0,"k":{"i":[[5.999,0],[0,0],[0,-5.998],[0,0],[-5.998,0],[0,0],[0,5.999],[0,0]],"o":[[0,0],[-5.998,0],[0,0],[0,5.999],[0,0],[5.999,0],[0,0],[0,-5.998]],"v":[[84.139,-27.164],[-84.139,-27.164],[-95,-16.303],[-95,16.302],[-84.139,27.164],[84.139,27.164],[95,16.302],[95,-16.303]],"c":true},"ix":2},"nm":"Path 1","mn":"ADBE Vector Shape - Group","hd":false},{"ty":"op","nm":"Offset Paths 1","a":{"a":0,"k":-3,"ix":1},"lj":1,"ml":{"a":0,"k":4,"ix":3},"ix":2,"mn":"ADBE Vector Filter - Offset","hd":false},{"ty":"st","c":{"a":0,"k":[0.968627512455,0.741176486015,0.329411774874,1],"ix":3,"x":"var $bm_rt;\ntry {\n    $bm_rt = thisComp.layer('Controller').effect('Color 4')('ADBE Color Control-0001');\n} catch (e) {\n    $bm_rt = value;\n}"},"o":{"a":0,"k":100,"ix":4},"w":{"a":0,"k":7,"ix":5},"lc":1,"lj":1,"ml":4,"bm":0,"nm":"Stroke 1","mn":"ADBE Vector Graphic - Stroke","hd":false},{"ty":"fl","c":{"a":0,"k":[0.898000001907,0.587999999523,0.298000007868,1],"ix":4,"x":"var $bm_rt;\ntry {\n    $bm_rt = thisComp.layer('Controller').effect('Color 5')('ADBE Color Control-0001');\n} catch (e) {\n    $bm_rt = value;\n}"},"o":{"a":0,"k":100,"ix":5},"r":1,"bm":0,"nm":"Fill 1","mn":"ADBE Vector Graphic - Fill","hd":false},{"ty":"tr","p":{"a":0,"k":[95.25,47.339],"ix":2},"a":{"a":0,"k":[0,0],"ix":1},"s":{"a":0,"k":[100,100],"ix":3},"r":{"a":0,"k":0,"ix":6},"o":{"a":0,"k":100,"ix":7},"sk":{"a":0,"k":0,"ix":4},"sa":{"a":0,"k":0,"ix":5},"nm":"Transform"}],"nm":"Group 1","np":4,"cix":2,"bm":0,"ix":1,"mn":"ADBE Vector Group","hd":false},{"ty":"gr","it":[{"ind":0,"ty":"sh","ix":1,"ks":{"a":0,"k":{"i":[[0,0],[0,0],[0,0],[2.913,0],[0,0],[1.453,-2.526]],"o":[[0,0],[0,0],[-1.453,-2.526],[0,0],[-2.913,0],[0,0]],"v":[[-93.206,12.408],[93.206,12.408],[81.282,-8.325],[74.225,-12.408],[-74.225,-12.408],[-81.282,-8.325]],"c":true},"ix":2},"nm":"Path 1","mn":"ADBE Vector Shape - Group","hd":false},{"ty":"fl","c":{"a":0,"k":[0.532999992371,0.587999999523,0.638999998569,1],"ix":4,"x":"var $bm_rt;\ntry {\n    $bm_rt = thisComp.layer('Controller').effect('Color 6')('ADBE Color Control-0001');\n} catch (e) {\n    $bm_rt = value;\n}"},"o":{"a":0,"k":100,"ix":5},"r":1,"bm":0,"nm":"Fill 1","mn":"ADBE Vector Graphic - Fill","hd":false},{"ty":"tr","p":{"a":0,"k":[95.25,12.658],"ix":2},"a":{"a":0,"k":[0,0],"ix":1},"s":{"a":0,"k":[100,100],"ix":3},"r":{"a":0,"k":0,"ix":6},"o":{"a":0,"k":100,"ix":7},"sk":{"a":0,"k":0,"ix":4},"sa":{"a":0,"k":0,"ix":5},"nm":"Transform"}],"nm":"Group 2","np":2,"cix":2,"bm":0,"ix":2,"mn":"ADBE Vector Group","hd":false},{"ty":"tr","p":{"a":0,"k":[282.325,257.487],"ix":2},"a":{"a":0,"k":[95.25,37.376],"ix":1},"s":{"a":0,"k":[100,100],"ix":3},"r":{"a":0,"k":0,"ix":6},"o":{"a":0,"k":100,"ix":7},"sk":{"a":0,"k":0,"ix":4},"sa":{"a":0,"k":0,"ix":5},"nm":"Transform"}],"nm":"Server 1","np":2,"cix":2,"bm":0,"ix":3,"mn":"ADBE Vector Group","hd":false}],"ip":132,"op":150,"st":0,"bm":0},{"ddd":0,"ind":6,"ty":4,"nm":"Server 5","sr":1,"ks":{"o":{"a":0,"k":100,"ix":11},"r":{"a":0,"k":0,"ix":10},"p":{"a":1,"k":[{"i":{"x":0.833,"y":0.833},"o":{"x":0.7,"y":0},"t":135,"s":[280,395,0],"to":[0,0,0],"ti":[0,0,0]},{"t":150,"s":[280,325,0]}],"ix":2},"a":{"a":0,"k":[282.325,257.487,0],"ix":1},"s":{"a":0,"k":[100,100,100],"ix":6}},"ao":0,"shapes":[{"ty":"gr","it":[{"ty":"gr","it":[{"ind":0,"ty":"sh","ix":1,"ks":{"a":0,"k":{"i":[[1.119,1.109],[0.33,0.22],[0.36,0.15],[0.389,0.071],[0.769,-0.159],[0.369,-0.15],[0.32,-0.22],[0.27,-0.28],[0,-1.58],[-1.121,-1.109],[-1.58,0],[-0.38,0.08],[-0.361,0.15],[-0.33,0.21],[-0.271,0.281],[0,1.58]],"o":[[-0.271,-0.28],[-0.32,-0.22],[-0.371,-0.15],[-0.771,-0.159],[-0.391,0.071],[-0.36,0.15],[-0.33,0.22],[-1.121,1.109],[0,1.58],[1.11,1.121],[0.389,0],[0.389,-0.08],[0.37,-0.15],[0.33,-0.219],[1.119,-1.12],[0,-1.58]],"v":[[4.24,-4.22],[3.33,-4.97],[2.3,-5.52],[1.17,-5.861],[-1.17,-5.861],[-2.3,-5.52],[-3.33,-4.97],[-4.24,-4.22],[-6,0.02],[-4.24,4.259],[0,6.02],[1.17,5.9],[2.29,5.56],[3.33,5.009],[4.24,4.259],[6,0.02]],"c":true},"ix":2},"nm":"Path 1","mn":"ADBE Vector Shape - Group","hd":false},{"ty":"fl","c":{"a":0,"k":[0.372999995947,0.40000000596,0.458999991417,1],"ix":4,"x":"var $bm_rt;\ntry {\n    $bm_rt = thisComp.layer('Controller')('Effects')('Color')('ADBE Color Control-0001');\n} catch (e) {\n    $bm_rt = value;\n}"},"o":{"a":0,"k":100,"ix":5},"r":1,"bm":0,"nm":"Fill 1","mn":"ADBE Vector Graphic - Fill","hd":false},{"ty":"tr","p":{"a":0,"k":[51.25,6.27],"ix":2},"a":{"a":0,"k":[0,0],"ix":1},"s":{"a":1,"k":[{"i":{"x":[0.25,0.25],"y":[1,1]},"o":{"x":[0.75,0.75],"y":[0,0]},"t":39,"s":[100,100]},{"i":{"x":[0.25,0.25],"y":[1,1]},"o":{"x":[0.75,0.75],"y":[0,0]},"t":46,"s":[150,150]},{"i":{"x":[0.25,0.25],"y":[1,1]},"o":{"x":[0.75,0.75],"y":[0,0]},"t":53,"s":[50,50]},{"t":60,"s":[100,100]}],"ix":3},"r":{"a":0,"k":0,"ix":6},"o":{"a":0,"k":100,"ix":7},"sk":{"a":0,"k":0,"ix":4},"sa":{"a":0,"k":0,"ix":5},"nm":"Transform"}],"nm":"Group 1","np":2,"cix":2,"bm":0,"ix":1,"mn":"ADBE Vector Group","hd":false},{"ty":"gr","it":[{"ind":0,"ty":"sh","ix":1,"ks":{"a":0,"k":{"i":[[3.31,0],[0,-3.32],[-3.311,0],[0,3.31]],"o":[[-3.311,0],[0,3.31],[3.31,0],[0,-3.32]],"v":[[0,-6],[-6,0],[0,6],[6,0]],"c":true},"ix":2},"nm":"Path 1","mn":"ADBE Vector Shape - Group","hd":false},{"ty":"fl","c":{"a":0,"k":[0.372999995947,0.40000000596,0.458999991417,1],"ix":4,"x":"var $bm_rt;\ntry {\n    $bm_rt = thisComp.layer('Controller')('Effects')('Color')('ADBE Color Control-0001');\n} catch (e) {\n    $bm_rt = value;\n}"},"o":{"a":0,"k":100,"ix":5},"r":1,"bm":0,"nm":"Fill 1","mn":"ADBE Vector Graphic - Fill","hd":false},{"ty":"tr","p":{"a":0,"k":[28.75,6.29],"ix":2},"a":{"a":0,"k":[0,0],"ix":1},"s":{"a":1,"k":[{"i":{"x":[0.25,0.25],"y":[1,1]},"o":{"x":[0.75,0.75],"y":[0,0]},"t":36,"s":[100,100]},{"i":{"x":[0.25,0.25],"y":[1,1]},"o":{"x":[0.75,0.75],"y":[0,0]},"t":43,"s":[150,150]},{"i":{"x":[0.25,0.25],"y":[1,1]},"o":{"x":[0.75,0.75],"y":[0,0]},"t":50,"s":[50,50]},{"t":57,"s":[100,100]}],"ix":3},"r":{"a":0,"k":0,"ix":6},"o":{"a":0,"k":100,"ix":7},"sk":{"a":0,"k":0,"ix":4},"sa":{"a":0,"k":0,"ix":5},"nm":"Transform"}],"nm":"Group 2","np":2,"cix":2,"bm":0,"ix":2,"mn":"ADBE Vector Group","hd":false},{"ty":"gr","it":[{"ind":0,"ty":"sh","ix":1,"ks":{"a":0,"k":{"i":[[1.58,0],[1.12,-1.12],[0.219,-0.33],[0.149,-0.359],[0.069,-0.391],[0,-0.391],[-1.12,-1.12],[-0.33,-0.219],[-0.36,-0.15],[-0.391,-0.08],[-0.391,0],[-1.11,1.12],[0,1.58],[1.119,1.109]],"o":[[-1.58,0],[-0.281,0.269],[-0.22,0.319],[-0.15,0.37],[-0.08,0.38],[0,1.58],[0.27,0.281],[0.32,0.21],[0.369,0.149],[0.38,0.08],[1.58,0],[1.119,-1.12],[0,-1.58],[-1.12,-1.12]],"v":[[0,-6],[-4.24,-4.24],[-4.99,-3.33],[-5.54,-2.301],[-5.88,-1.17],[-6,0],[-4.24,4.239],[-3.33,4.989],[-2.3,5.54],[-1.17,5.88],[0,6],[4.24,4.239],[6,0],[4.24,-4.24]],"c":true},"ix":2},"nm":"Path 1","mn":"ADBE Vector Shape - Group","hd":false},{"ty":"fl","c":{"a":0,"k":[0.372999995947,0.40000000596,0.458999991417,1],"ix":4,"x":"var $bm_rt;\ntry {\n    $bm_rt = thisComp.layer('Controller')('Effects')('Color')('ADBE Color Control-0001');\n} catch (e) {\n    $bm_rt = value;\n}"},"o":{"a":0,"k":100,"ix":5},"r":1,"bm":0,"nm":"Fill 1","mn":"ADBE Vector Graphic - Fill","hd":false},{"ty":"tr","p":{"a":0,"k":[6.25,6.29],"ix":2},"a":{"a":0,"k":[0,0],"ix":1},"s":{"a":1,"k":[{"i":{"x":[0.25,0.25],"y":[1,1]},"o":{"x":[0.75,0.75],"y":[0,0]},"t":33,"s":[100,100]},{"i":{"x":[0.25,0.25],"y":[1,1]},"o":{"x":[0.75,0.75],"y":[0,0]},"t":40,"s":[150,150]},{"i":{"x":[0.25,0.25],"y":[1,1]},"o":{"x":[0.75,0.75],"y":[0,0]},"t":47,"s":[50,50]},{"t":54,"s":[100,100]}],"ix":3},"r":{"a":0,"k":0,"ix":6},"o":{"a":0,"k":100,"ix":7},"sk":{"a":0,"k":0,"ix":4},"sa":{"a":0,"k":0,"ix":5},"nm":"Transform"}],"nm":"Group 3","np":2,"cix":2,"bm":0,"ix":3,"mn":"ADBE Vector Group","hd":false},{"ty":"tr","p":{"a":0,"k":[330,267.45],"ix":2},"a":{"a":0,"k":[28.75,6.29],"ix":1},"s":{"a":0,"k":[100,100],"ix":3},"r":{"a":0,"k":0,"ix":6},"o":{"a":0,"k":100,"ix":7},"sk":{"a":0,"k":0,"ix":4},"sa":{"a":0,"k":0,"ix":5},"nm":"Transform"}],"nm":"Points 1","np":3,"cix":2,"bm":0,"ix":1,"mn":"ADBE Vector Group","hd":false},{"ty":"gr","it":[{"ty":"gr","it":[{"ind":0,"ty":"sh","ix":1,"ks":{"a":0,"k":{"i":[[0,0],[0,0]],"o":[[0,0],[0,0]],"v":[[5,5],[55,5]],"c":false},"ix":2},"nm":"Path 1","mn":"ADBE Vector Shape - Group","hd":false},{"ty":"st","c":{"a":0,"k":[0.372999995947,0.40000000596,0.458999991417,1],"ix":3,"x":"var $bm_rt;\ntry {\n    $bm_rt = thisComp.layer('Controller')('Effects')('Color')('ADBE Color Control-0001');\n} catch (e) {\n    $bm_rt = value;\n}"},"o":{"a":0,"k":100,"ix":4},"w":{"a":0,"k":10,"ix":5},"lc":1,"lj":2,"bm":0,"nm":"Stroke 1","mn":"ADBE Vector Graphic - Stroke","hd":false},{"ty":"tr","p":{"a":0,"k":[0,0],"ix":2},"a":{"a":0,"k":[0,0],"ix":1},"s":{"a":0,"k":[100,100],"ix":3},"r":{"a":0,"k":0,"ix":6},"o":{"a":0,"k":100,"ix":7},"sk":{"a":0,"k":0,"ix":4},"sa":{"a":0,"k":0,"ix":5},"nm":"Transform"}],"nm":"Group 1","np":2,"cix":2,"bm":0,"ix":1,"mn":"ADBE Vector Group","hd":false},{"ty":"tm","s":{"a":1,"k":[{"i":{"x":[0.833],"y":[1]},"o":{"x":[0.75],"y":[0]},"t":33,"s":[0]},{"i":{"x":[0.25],"y":[1]},"o":{"x":[0.167],"y":[0]},"t":47,"s":[50]},{"t":61,"s":[0]}],"ix":1},"e":{"a":1,"k":[{"i":{"x":[0.833],"y":[1]},"o":{"x":[0.75],"y":[0]},"t":33,"s":[100]},{"i":{"x":[0.25],"y":[1]},"o":{"x":[0.167],"y":[0]},"t":47,"s":[50]},{"t":61,"s":[100]}],"ix":2},"o":{"a":0,"k":0,"ix":3},"m":1,"ix":2,"nm":"Trim Paths 1","mn":"ADBE Vector Filter - Trim","hd":false},{"ty":"tr","p":{"a":0,"k":[235,267.449],"ix":2},"a":{"a":0,"k":[30,5],"ix":1},"s":{"a":0,"k":[100,100],"ix":3},"r":{"a":0,"k":0,"ix":6},"o":{"a":0,"k":100,"ix":7},"sk":{"a":0,"k":0,"ix":4},"sa":{"a":0,"k":0,"ix":5},"nm":"Transform"}],"nm":"Line 1","np":2,"cix":2,"bm":0,"ix":2,"mn":"ADBE Vector Group","hd":false},{"ty":"gr","it":[{"ty":"gr","it":[{"ind":0,"ty":"sh","ix":1,"ks":{"a":0,"k":{"i":[[5.999,0],[0,0],[0,-5.998],[0,0],[-5.998,0],[0,0],[0,5.999],[0,0]],"o":[[0,0],[-5.998,0],[0,0],[0,5.999],[0,0],[5.999,0],[0,0],[0,-5.998]],"v":[[84.139,-27.164],[-84.139,-27.164],[-95,-16.303],[-95,16.302],[-84.139,27.164],[84.139,27.164],[95,16.302],[95,-16.303]],"c":true},"ix":2},"nm":"Path 1","mn":"ADBE Vector Shape - Group","hd":false},{"ty":"op","nm":"Offset Paths 1","a":{"a":0,"k":-3,"ix":1},"lj":1,"ml":{"a":0,"k":4,"ix":3},"ix":2,"mn":"ADBE Vector Filter - Offset","hd":false},{"ty":"st","c":{"a":0,"k":[0.968627512455,0.741176486015,0.329411774874,1],"ix":3,"x":"var $bm_rt;\ntry {\n    $bm_rt = thisComp.layer('Controller')('Effects')('Color 4')('ADBE Color Control-0001');\n} catch (e) {\n    $bm_rt = value;\n}"},"o":{"a":0,"k":100,"ix":4},"w":{"a":0,"k":7,"ix":5},"lc":1,"lj":1,"ml":4,"bm":0,"nm":"Stroke 1","mn":"ADBE Vector Graphic - Stroke","hd":false},{"ty":"fl","c":{"a":0,"k":[0.898000001907,0.587999999523,0.298000007868,1],"ix":4,"x":"var $bm_rt;\ntry {\n    $bm_rt = thisComp.layer('Controller')('Effects')('Color 5')('ADBE Color Control-0001');\n} catch (e) {\n    $bm_rt = value;\n}"},"o":{"a":0,"k":100,"ix":5},"r":1,"bm":0,"nm":"Fill 1","mn":"ADBE Vector Graphic - Fill","hd":false},{"ty":"tr","p":{"a":0,"k":[95.25,47.339],"ix":2},"a":{"a":0,"k":[0,0],"ix":1},"s":{"a":0,"k":[100,100],"ix":3},"r":{"a":0,"k":0,"ix":6},"o":{"a":0,"k":100,"ix":7},"sk":{"a":0,"k":0,"ix":4},"sa":{"a":0,"k":0,"ix":5},"nm":"Transform"}],"nm":"Group 1","np":4,"cix":2,"bm":0,"ix":1,"mn":"ADBE Vector Group","hd":false},{"ty":"gr","it":[{"ind":0,"ty":"sh","ix":1,"ks":{"a":0,"k":{"i":[[0,0],[0,0],[0,0],[2.913,0],[0,0],[1.453,-2.526]],"o":[[0,0],[0,0],[-1.453,-2.526],[0,0],[-2.913,0],[0,0]],"v":[[-93.206,12.408],[93.206,12.408],[81.282,-8.325],[74.225,-12.408],[-74.225,-12.408],[-81.282,-8.325]],"c":true},"ix":2},"nm":"Path 1","mn":"ADBE Vector Shape - Group","hd":false},{"ty":"fl","c":{"a":0,"k":[0.532999992371,0.587999999523,0.638999998569,1],"ix":4,"x":"var $bm_rt;\ntry {\n    $bm_rt = thisComp.layer('Controller')('Effects')('Color 6')('ADBE Color Control-0001');\n} catch (e) {\n    $bm_rt = value;\n}"},"o":{"a":0,"k":100,"ix":5},"r":1,"bm":0,"nm":"Fill 1","mn":"ADBE Vector Graphic - Fill","hd":false},{"ty":"tr","p":{"a":0,"k":[95.25,12.658],"ix":2},"a":{"a":0,"k":[0,0],"ix":1},"s":{"a":0,"k":[100,100],"ix":3},"r":{"a":0,"k":0,"ix":6},"o":{"a":0,"k":100,"ix":7},"sk":{"a":0,"k":0,"ix":4},"sa":{"a":0,"k":0,"ix":5},"nm":"Transform"}],"nm":"Group 2","np":2,"cix":2,"bm":0,"ix":2,"mn":"ADBE Vector Group","hd":false},{"ty":"tr","p":{"a":0,"k":[282.325,257.487],"ix":2},"a":{"a":0,"k":[95.25,37.376],"ix":1},"s":{"a":0,"k":[100,100],"ix":3},"r":{"a":0,"k":0,"ix":6},"o":{"a":0,"k":100,"ix":7},"sk":{"a":0,"k":0,"ix":4},"sa":{"a":0,"k":0,"ix":5},"nm":"Transform"}],"nm":"Server 1","np":2,"cix":2,"bm":0,"ix":3,"mn":"ADBE Vector Group","hd":false}],"ip":132,"op":150,"st":0,"bm":0},{"ddd":0,"ind":7,"ty":4,"nm":"Server 1","sr":1,"ks":{"o":{"a":0,"k":100,"ix":11},"r":{"a":0,"k":0,"ix":10},"p":{"a":1,"k":[{"i":{"x":0.3,"y":1},"o":{"x":0.167,"y":0.167},"t":12,"s":[280,255,0],"to":[0,0,0],"ti":[0,0,0]},{"i":{"x":0.3,"y":1},"o":{"x":0.7,"y":0},"t":29,"s":[240,255,0],"to":[0,0,0],"ti":[0,0,0]},{"i":{"x":0.3,"y":1},"o":{"x":0.7,"y":0},"t":46,"s":[320,255,0],"to":[0,0,0],"ti":[0,0,0]},{"i":{"x":0.3,"y":1},"o":{"x":0.7,"y":0},"t":63,"s":[280,255,0],"to":[0,0,0],"ti":[0,0,0]},{"t":78,"s":[280,395,0]}],"ix":2},"a":{"a":0,"k":[282.325,257.487,0],"ix":1},"s":{"a":0,"k":[100,100,100],"ix":6}},"ao":0,"shapes":[{"ty":"gr","it":[{"ty":"gr","it":[{"ind":0,"ty":"sh","ix":1,"ks":{"a":0,"k":{"i":[[1.119,1.109],[0.33,0.22],[0.36,0.15],[0.389,0.071],[0.769,-0.159],[0.369,-0.15],[0.32,-0.22],[0.27,-0.28],[0,-1.58],[-1.121,-1.109],[-1.58,0],[-0.38,0.08],[-0.361,0.15],[-0.33,0.21],[-0.271,0.281],[0,1.58]],"o":[[-0.271,-0.28],[-0.32,-0.22],[-0.371,-0.15],[-0.771,-0.159],[-0.391,0.071],[-0.36,0.15],[-0.33,0.22],[-1.121,1.109],[0,1.58],[1.11,1.121],[0.389,0],[0.389,-0.08],[0.37,-0.15],[0.33,-0.219],[1.119,-1.12],[0,-1.58]],"v":[[4.24,-4.22],[3.33,-4.97],[2.3,-5.52],[1.17,-5.861],[-1.17,-5.861],[-2.3,-5.52],[-3.33,-4.97],[-4.24,-4.22],[-6,0.02],[-4.24,4.259],[0,6.02],[1.17,5.9],[2.29,5.56],[3.33,5.009],[4.24,4.259],[6,0.02]],"c":true},"ix":2},"nm":"Path 1","mn":"ADBE Vector Shape - Group","hd":false},{"ty":"fl","c":{"a":0,"k":[0.372999995947,0.40000000596,0.458999991417,1],"ix":4,"x":"var $bm_rt;\ntry {\n    $bm_rt = thisComp.layer('Controller')('Effects')('Color')('ADBE Color Control-0001');\n} catch (e) {\n    $bm_rt = value;\n}"},"o":{"a":0,"k":100,"ix":5},"r":1,"bm":0,"nm":"Fill 1","mn":"ADBE Vector Graphic - Fill","hd":false},{"ty":"tr","p":{"a":0,"k":[51.25,6.27],"ix":2},"a":{"a":0,"k":[0,0],"ix":1},"s":{"a":1,"k":[{"i":{"x":[0.25,0.25],"y":[1,1]},"o":{"x":[0.75,0.75],"y":[0,0]},"t":45,"s":[100,100]},{"i":{"x":[0.25,0.25],"y":[1,1]},"o":{"x":[0.75,0.75],"y":[0,0]},"t":52,"s":[150,150]},{"i":{"x":[0.25,0.25],"y":[1,1]},"o":{"x":[0.75,0.75],"y":[0,0]},"t":59,"s":[50,50]},{"t":66,"s":[100,100]}],"ix":3},"r":{"a":0,"k":0,"ix":6},"o":{"a":0,"k":100,"ix":7},"sk":{"a":0,"k":0,"ix":4},"sa":{"a":0,"k":0,"ix":5},"nm":"Transform"}],"nm":"Group 1","np":2,"cix":2,"bm":0,"ix":1,"mn":"ADBE Vector Group","hd":false},{"ty":"gr","it":[{"ind":0,"ty":"sh","ix":1,"ks":{"a":0,"k":{"i":[[3.31,0],[0,-3.32],[-3.311,0],[0,3.31]],"o":[[-3.311,0],[0,3.31],[3.31,0],[0,-3.32]],"v":[[0,-6],[-6,0],[0,6],[6,0]],"c":true},"ix":2},"nm":"Path 1","mn":"ADBE Vector Shape - Group","hd":false},{"ty":"fl","c":{"a":0,"k":[0.372999995947,0.40000000596,0.458999991417,1],"ix":4,"x":"var $bm_rt;\ntry {\n    $bm_rt = thisComp.layer('Controller')('Effects')('Color')('ADBE Color Control-0001');\n} catch (e) {\n    $bm_rt = value;\n}"},"o":{"a":0,"k":100,"ix":5},"r":1,"bm":0,"nm":"Fill 1","mn":"ADBE Vector Graphic - Fill","hd":false},{"ty":"tr","p":{"a":0,"k":[28.75,6.29],"ix":2},"a":{"a":0,"k":[0,0],"ix":1},"s":{"a":1,"k":[{"i":{"x":[0.25,0.25],"y":[1,1]},"o":{"x":[0.75,0.75],"y":[0,0]},"t":42,"s":[100,100]},{"i":{"x":[0.25,0.25],"y":[1,1]},"o":{"x":[0.75,0.75],"y":[0,0]},"t":49,"s":[150,150]},{"i":{"x":[0.25,0.25],"y":[1,1]},"o":{"x":[0.75,0.75],"y":[0,0]},"t":56,"s":[50,50]},{"t":63,"s":[100,100]}],"ix":3},"r":{"a":0,"k":0,"ix":6},"o":{"a":0,"k":100,"ix":7},"sk":{"a":0,"k":0,"ix":4},"sa":{"a":0,"k":0,"ix":5},"nm":"Transform"}],"nm":"Group 2","np":2,"cix":2,"bm":0,"ix":2,"mn":"ADBE Vector Group","hd":false},{"ty":"gr","it":[{"ind":0,"ty":"sh","ix":1,"ks":{"a":0,"k":{"i":[[1.58,0],[1.12,-1.12],[0.219,-0.33],[0.149,-0.359],[0.069,-0.391],[0,-0.391],[-1.12,-1.12],[-0.33,-0.219],[-0.36,-0.15],[-0.391,-0.08],[-0.391,0],[-1.11,1.12],[0,1.58],[1.119,1.109]],"o":[[-1.58,0],[-0.281,0.269],[-0.22,0.319],[-0.15,0.37],[-0.08,0.38],[0,1.58],[0.27,0.281],[0.32,0.21],[0.369,0.149],[0.38,0.08],[1.58,0],[1.119,-1.12],[0,-1.58],[-1.12,-1.12]],"v":[[0,-6],[-4.24,-4.24],[-4.99,-3.33],[-5.54,-2.301],[-5.88,-1.17],[-6,0],[-4.24,4.239],[-3.33,4.989],[-2.3,5.54],[-1.17,5.88],[0,6],[4.24,4.239],[6,0],[4.24,-4.24]],"c":true},"ix":2},"nm":"Path 1","mn":"ADBE Vector Shape - Group","hd":false},{"ty":"fl","c":{"a":0,"k":[0.372999995947,0.40000000596,0.458999991417,1],"ix":4,"x":"var $bm_rt;\ntry {\n    $bm_rt = thisComp.layer('Controller')('Effects')('Color')('ADBE Color Control-0001');\n} catch (e) {\n    $bm_rt = value;\n}"},"o":{"a":0,"k":100,"ix":5},"r":1,"bm":0,"nm":"Fill 1","mn":"ADBE Vector Graphic - Fill","hd":false},{"ty":"tr","p":{"a":0,"k":[6.25,6.29],"ix":2},"a":{"a":0,"k":[0,0],"ix":1},"s":{"a":1,"k":[{"i":{"x":[0.25,0.25],"y":[1,1]},"o":{"x":[0.75,0.75],"y":[0,0]},"t":39,"s":[100,100]},{"i":{"x":[0.25,0.25],"y":[1,1]},"o":{"x":[0.75,0.75],"y":[0,0]},"t":46,"s":[150,150]},{"i":{"x":[0.25,0.25],"y":[1,1]},"o":{"x":[0.75,0.75],"y":[0,0]},"t":53,"s":[50,50]},{"t":60,"s":[100,100]}],"ix":3},"r":{"a":0,"k":0,"ix":6},"o":{"a":0,"k":100,"ix":7},"sk":{"a":0,"k":0,"ix":4},"sa":{"a":0,"k":0,"ix":5},"nm":"Transform"}],"nm":"Group 3","np":2,"cix":2,"bm":0,"ix":3,"mn":"ADBE Vector Group","hd":false},{"ty":"tr","p":{"a":0,"k":[330,267.45],"ix":2},"a":{"a":0,"k":[28.75,6.29],"ix":1},"s":{"a":0,"k":[100,100],"ix":3},"r":{"a":0,"k":0,"ix":6},"o":{"a":0,"k":100,"ix":7},"sk":{"a":0,"k":0,"ix":4},"sa":{"a":0,"k":0,"ix":5},"nm":"Transform"}],"nm":"Points 1","np":3,"cix":2,"bm":0,"ix":1,"mn":"ADBE Vector Group","hd":false},{"ty":"gr","it":[{"ty":"gr","it":[{"ind":0,"ty":"sh","ix":1,"ks":{"a":0,"k":{"i":[[0,0],[0,0]],"o":[[0,0],[0,0]],"v":[[5,5],[55,5]],"c":false},"ix":2},"nm":"Path 1","mn":"ADBE Vector Shape - Group","hd":false},{"ty":"st","c":{"a":0,"k":[0.372999995947,0.40000000596,0.458999991417,1],"ix":3,"x":"var $bm_rt;\ntry {\n    $bm_rt = thisComp.layer('Controller')('Effects')('Color')('ADBE Color Control-0001');\n} catch (e) {\n    $bm_rt = value;\n}"},"o":{"a":0,"k":100,"ix":4},"w":{"a":0,"k":10,"ix":5},"lc":1,"lj":2,"bm":0,"nm":"Stroke 1","mn":"ADBE Vector Graphic - Stroke","hd":false},{"ty":"tr","p":{"a":0,"k":[0,0],"ix":2},"a":{"a":0,"k":[0,0],"ix":1},"s":{"a":0,"k":[100,100],"ix":3},"r":{"a":0,"k":0,"ix":6},"o":{"a":0,"k":100,"ix":7},"sk":{"a":0,"k":0,"ix":4},"sa":{"a":0,"k":0,"ix":5},"nm":"Transform"}],"nm":"Group 1","np":2,"cix":2,"bm":0,"ix":1,"mn":"ADBE Vector Group","hd":false},{"ty":"tm","s":{"a":1,"k":[{"i":{"x":[0.833],"y":[1]},"o":{"x":[0.75],"y":[0]},"t":39,"s":[0]},{"i":{"x":[0.25],"y":[1]},"o":{"x":[0.167],"y":[0]},"t":53,"s":[50]},{"t":67,"s":[0]}],"ix":1},"e":{"a":1,"k":[{"i":{"x":[0.833],"y":[1]},"o":{"x":[0.75],"y":[0]},"t":39,"s":[100]},{"i":{"x":[0.25],"y":[1]},"o":{"x":[0.167],"y":[0]},"t":53,"s":[50]},{"t":67,"s":[100]}],"ix":2},"o":{"a":0,"k":0,"ix":3},"m":1,"ix":2,"nm":"Trim Paths 1","mn":"ADBE Vector Filter - Trim","hd":false},{"ty":"tr","p":{"a":0,"k":[235,267.449],"ix":2},"a":{"a":0,"k":[30,5],"ix":1},"s":{"a":0,"k":[100,100],"ix":3},"r":{"a":0,"k":0,"ix":6},"o":{"a":0,"k":100,"ix":7},"sk":{"a":0,"k":0,"ix":4},"sa":{"a":0,"k":0,"ix":5},"nm":"Transform"}],"nm":"Line 1","np":2,"cix":2,"bm":0,"ix":2,"mn":"ADBE Vector Group","hd":false},{"ty":"gr","it":[{"ty":"gr","it":[{"ind":0,"ty":"sh","ix":1,"ks":{"a":0,"k":{"i":[[5.999,0],[0,0],[0,-5.998],[0,0],[-5.998,0],[0,0],[0,5.999],[0,0]],"o":[[0,0],[-5.998,0],[0,0],[0,5.999],[0,0],[5.999,0],[0,0],[0,-5.998]],"v":[[84.139,-27.164],[-84.139,-27.164],[-95,-16.303],[-95,16.302],[-84.139,27.164],[84.139,27.164],[95,16.302],[95,-16.303]],"c":true},"ix":2},"nm":"Path 1","mn":"ADBE Vector Shape - Group","hd":false},{"ty":"op","nm":"Offset Paths 1","a":{"a":0,"k":-3,"ix":1},"lj":1,"ml":{"a":0,"k":7,"ix":3},"ix":2,"mn":"ADBE Vector Filter - Offset","hd":false},{"ty":"st","c":{"a":0,"k":[0.968627510819,0.741176470588,0.329411764706,1],"ix":3,"x":"var $bm_rt;\ntry {\n    $bm_rt = thisComp.layer('Controller')('Effects')('Color 4')('ADBE Color Control-0001');\n} catch (e) {\n    $bm_rt = value;\n}"},"o":{"a":0,"k":100,"ix":4},"w":{"a":0,"k":7,"ix":5},"lc":2,"lj":2,"bm":0,"nm":"Stroke 1","mn":"ADBE Vector Graphic - Stroke","hd":false},{"ty":"fl","c":{"a":0,"k":[0.898000001907,0.587999999523,0.298000007868,1],"ix":4,"x":"var $bm_rt;\ntry {\n    $bm_rt = thisComp.layer('Controller')('Effects')('Color 5')('ADBE Color Control-0001');\n} catch (e) {\n    $bm_rt = value;\n}"},"o":{"a":0,"k":100,"ix":5},"r":1,"bm":0,"nm":"Fill 1","mn":"ADBE Vector Graphic - Fill","hd":false},{"ty":"tr","p":{"a":0,"k":[95.25,47.339],"ix":2},"a":{"a":0,"k":[0,0],"ix":1},"s":{"a":0,"k":[100,100],"ix":3},"r":{"a":0,"k":0,"ix":6},"o":{"a":0,"k":100,"ix":7},"sk":{"a":0,"k":0,"ix":4},"sa":{"a":0,"k":0,"ix":5},"nm":"Transform"}],"nm":"Group 1","np":4,"cix":2,"bm":0,"ix":1,"mn":"ADBE Vector Group","hd":false},{"ty":"gr","it":[{"ind":0,"ty":"sh","ix":1,"ks":{"a":0,"k":{"i":[[0,0],[0,0],[0,0],[2.913,0],[0,0],[1.453,-2.526]],"o":[[0,0],[0,0],[-1.453,-2.526],[0,0],[-2.913,0],[0,0]],"v":[[-93.206,12.408],[93.206,12.408],[81.282,-8.325],[74.225,-12.408],[-74.225,-12.408],[-81.282,-8.325]],"c":true},"ix":2},"nm":"Path 1","mn":"ADBE Vector Shape - Group","hd":false},{"ty":"fl","c":{"a":0,"k":[0.532999992371,0.587999999523,0.638999998569,1],"ix":4,"x":"var $bm_rt;\ntry {\n    $bm_rt = thisComp.layer('Controller')('Effects')('Color 6')('ADBE Color Control-0001');\n} catch (e) {\n    $bm_rt = value;\n}"},"o":{"a":0,"k":100,"ix":5},"r":1,"bm":0,"nm":"Fill 1","mn":"ADBE Vector Graphic - Fill","hd":false},{"ty":"tr","p":{"a":0,"k":[95.25,12.658],"ix":2},"a":{"a":0,"k":[0,0],"ix":1},"s":{"a":0,"k":[100,100],"ix":3},"r":{"a":0,"k":0,"ix":6},"o":{"a":0,"k":100,"ix":7},"sk":{"a":0,"k":0,"ix":4},"sa":{"a":0,"k":0,"ix":5},"nm":"Transform"}],"nm":"Group 2","np":2,"cix":2,"bm":0,"ix":2,"mn":"ADBE Vector Group","hd":false},{"ty":"tr","p":{"a":0,"k":[282.325,257.487],"ix":2},"a":{"a":0,"k":[95.25,37.376],"ix":1},"s":{"a":0,"k":[100,100],"ix":3},"r":{"a":0,"k":0,"ix":6},"o":{"a":0,"k":100,"ix":7},"sk":{"a":0,"k":0,"ix":4},"sa":{"a":0,"k":0,"ix":5},"nm":"Transform"}],"nm":"Server 1","np":2,"cix":2,"bm":0,"ix":3,"mn":"ADBE Vector Group","hd":false}],"ip":0,"op":78,"st":0,"bm":0},{"ddd":0,"ind":8,"ty":4,"nm":"Server 2","sr":1,"ks":{"o":{"a":0,"k":100,"ix":11},"r":{"a":0,"k":0,"ix":10},"p":{"a":1,"k":[{"i":{"x":0.3,"y":1},"o":{"x":0.167,"y":0.167},"t":9,"s":[280,325,0],"to":[0,0,0],"ti":[0,0,0]},{"i":{"x":0.3,"y":1},"o":{"x":0.7,"y":0},"t":26,"s":[240,325,0],"to":[0,0,0],"ti":[0,0,0]},{"i":{"x":0.3,"y":1},"o":{"x":0.7,"y":0},"t":43,"s":[320,325,0],"to":[0,0,0],"ti":[0,0,0]},{"i":{"x":0.3,"y":1},"o":{"x":0.7,"y":0},"t":60,"s":[280,325,0],"to":[0,0,0],"ti":[0,0,0]},{"t":75,"s":[280,395,0]}],"ix":2},"a":{"a":0,"k":[282.325,257.487,0],"ix":1},"s":{"a":0,"k":[100,100,100],"ix":6}},"ao":0,"shapes":[{"ty":"gr","it":[{"ty":"gr","it":[{"ind":0,"ty":"sh","ix":1,"ks":{"a":0,"k":{"i":[[1.119,1.109],[0.33,0.22],[0.36,0.15],[0.389,0.071],[0.769,-0.159],[0.369,-0.15],[0.32,-0.22],[0.27,-0.28],[0,-1.58],[-1.121,-1.109],[-1.58,0],[-0.38,0.08],[-0.361,0.15],[-0.33,0.21],[-0.271,0.281],[0,1.58]],"o":[[-0.271,-0.28],[-0.32,-0.22],[-0.371,-0.15],[-0.771,-0.159],[-0.391,0.071],[-0.36,0.15],[-0.33,0.22],[-1.121,1.109],[0,1.58],[1.11,1.121],[0.389,0],[0.389,-0.08],[0.37,-0.15],[0.33,-0.219],[1.119,-1.12],[0,-1.58]],"v":[[4.24,-4.22],[3.33,-4.97],[2.3,-5.52],[1.17,-5.861],[-1.17,-5.861],[-2.3,-5.52],[-3.33,-4.97],[-4.24,-4.22],[-6,0.02],[-4.24,4.259],[0,6.02],[1.17,5.9],[2.29,5.56],[3.33,5.009],[4.24,4.259],[6,0.02]],"c":true},"ix":2},"nm":"Path 1","mn":"ADBE Vector Shape - Group","hd":false},{"ty":"fl","c":{"a":0,"k":[0.372999995947,0.40000000596,0.458999991417,1],"ix":4,"x":"var $bm_rt;\ntry {\n    $bm_rt = thisComp.layer('Controller')('Effects')('Color')('ADBE Color Control-0001');\n} catch (e) {\n    $bm_rt = value;\n}"},"o":{"a":0,"k":100,"ix":5},"r":1,"bm":0,"nm":"Fill 1","mn":"ADBE Vector Graphic - Fill","hd":false},{"ty":"tr","p":{"a":0,"k":[51.25,6.27],"ix":2},"a":{"a":0,"k":[0,0],"ix":1},"s":{"a":1,"k":[{"i":{"x":[0.25,0.25],"y":[1,1]},"o":{"x":[0.75,0.75],"y":[0,0]},"t":42,"s":[100,100]},{"i":{"x":[0.25,0.25],"y":[1,1]},"o":{"x":[0.75,0.75],"y":[0,0]},"t":49,"s":[150,150]},{"i":{"x":[0.25,0.25],"y":[1,1]},"o":{"x":[0.75,0.75],"y":[0,0]},"t":56,"s":[50,50]},{"t":63,"s":[100,100]}],"ix":3},"r":{"a":0,"k":0,"ix":6},"o":{"a":0,"k":100,"ix":7},"sk":{"a":0,"k":0,"ix":4},"sa":{"a":0,"k":0,"ix":5},"nm":"Transform"}],"nm":"Group 1","np":2,"cix":2,"bm":0,"ix":1,"mn":"ADBE Vector Group","hd":false},{"ty":"gr","it":[{"ind":0,"ty":"sh","ix":1,"ks":{"a":0,"k":{"i":[[3.31,0],[0,-3.32],[-3.311,0],[0,3.31]],"o":[[-3.311,0],[0,3.31],[3.31,0],[0,-3.32]],"v":[[0,-6],[-6,0],[0,6],[6,0]],"c":true},"ix":2},"nm":"Path 1","mn":"ADBE Vector Shape - Group","hd":false},{"ty":"fl","c":{"a":0,"k":[0.372999995947,0.40000000596,0.458999991417,1],"ix":4,"x":"var $bm_rt;\ntry {\n    $bm_rt = thisComp.layer('Controller')('Effects')('Color')('ADBE Color Control-0001');\n} catch (e) {\n    $bm_rt = value;\n}"},"o":{"a":0,"k":100,"ix":5},"r":1,"bm":0,"nm":"Fill 1","mn":"ADBE Vector Graphic - Fill","hd":false},{"ty":"tr","p":{"a":0,"k":[28.75,6.29],"ix":2},"a":{"a":0,"k":[0,0],"ix":1},"s":{"a":1,"k":[{"i":{"x":[0.25,0.25],"y":[1,1]},"o":{"x":[0.75,0.75],"y":[0,0]},"t":39,"s":[100,100]},{"i":{"x":[0.25,0.25],"y":[1,1]},"o":{"x":[0.75,0.75],"y":[0,0]},"t":46,"s":[150,150]},{"i":{"x":[0.25,0.25],"y":[1,1]},"o":{"x":[0.75,0.75],"y":[0,0]},"t":53,"s":[50,50]},{"t":60,"s":[100,100]}],"ix":3},"r":{"a":0,"k":0,"ix":6},"o":{"a":0,"k":100,"ix":7},"sk":{"a":0,"k":0,"ix":4},"sa":{"a":0,"k":0,"ix":5},"nm":"Transform"}],"nm":"Group 2","np":2,"cix":2,"bm":0,"ix":2,"mn":"ADBE Vector Group","hd":false},{"ty":"gr","it":[{"ind":0,"ty":"sh","ix":1,"ks":{"a":0,"k":{"i":[[1.58,0],[1.12,-1.12],[0.219,-0.33],[0.149,-0.359],[0.069,-0.391],[0,-0.391],[-1.12,-1.12],[-0.33,-0.219],[-0.36,-0.15],[-0.391,-0.08],[-0.391,0],[-1.11,1.12],[0,1.58],[1.119,1.109]],"o":[[-1.58,0],[-0.281,0.269],[-0.22,0.319],[-0.15,0.37],[-0.08,0.38],[0,1.58],[0.27,0.281],[0.32,0.21],[0.369,0.149],[0.38,0.08],[1.58,0],[1.119,-1.12],[0,-1.58],[-1.12,-1.12]],"v":[[0,-6],[-4.24,-4.24],[-4.99,-3.33],[-5.54,-2.301],[-5.88,-1.17],[-6,0],[-4.24,4.239],[-3.33,4.989],[-2.3,5.54],[-1.17,5.88],[0,6],[4.24,4.239],[6,0],[4.24,-4.24]],"c":true},"ix":2},"nm":"Path 1","mn":"ADBE Vector Shape - Group","hd":false},{"ty":"fl","c":{"a":0,"k":[0.372999995947,0.40000000596,0.458999991417,1],"ix":4,"x":"var $bm_rt;\ntry {\n    $bm_rt = thisComp.layer('Controller')('Effects')('Color')('ADBE Color Control-0001');\n} catch (e) {\n    $bm_rt = value;\n}"},"o":{"a":0,"k":100,"ix":5},"r":1,"bm":0,"nm":"Fill 1","mn":"ADBE Vector Graphic - Fill","hd":false},{"ty":"tr","p":{"a":0,"k":[6.25,6.29],"ix":2},"a":{"a":0,"k":[0,0],"ix":1},"s":{"a":1,"k":[{"i":{"x":[0.25,0.25],"y":[1,1]},"o":{"x":[0.75,0.75],"y":[0,0]},"t":36,"s":[100,100]},{"i":{"x":[0.25,0.25],"y":[1,1]},"o":{"x":[0.75,0.75],"y":[0,0]},"t":43,"s":[150,150]},{"i":{"x":[0.25,0.25],"y":[1,1]},"o":{"x":[0.75,0.75],"y":[0,0]},"t":50,"s":[50,50]},{"t":57,"s":[100,100]}],"ix":3},"r":{"a":0,"k":0,"ix":6},"o":{"a":0,"k":100,"ix":7},"sk":{"a":0,"k":0,"ix":4},"sa":{"a":0,"k":0,"ix":5},"nm":"Transform"}],"nm":"Group 3","np":2,"cix":2,"bm":0,"ix":3,"mn":"ADBE Vector Group","hd":false},{"ty":"tr","p":{"a":0,"k":[330,267.45],"ix":2},"a":{"a":0,"k":[28.75,6.29],"ix":1},"s":{"a":0,"k":[100,100],"ix":3},"r":{"a":0,"k":0,"ix":6},"o":{"a":0,"k":100,"ix":7},"sk":{"a":0,"k":0,"ix":4},"sa":{"a":0,"k":0,"ix":5},"nm":"Transform"}],"nm":"Points 1","np":3,"cix":2,"bm":0,"ix":1,"mn":"ADBE Vector Group","hd":false},{"ty":"gr","it":[{"ty":"gr","it":[{"ind":0,"ty":"sh","ix":1,"ks":{"a":0,"k":{"i":[[0,0],[0,0]],"o":[[0,0],[0,0]],"v":[[5,5],[55,5]],"c":false},"ix":2},"nm":"Path 1","mn":"ADBE Vector Shape - Group","hd":false},{"ty":"st","c":{"a":0,"k":[0.372999995947,0.40000000596,0.458999991417,1],"ix":3,"x":"var $bm_rt;\ntry {\n    $bm_rt = thisComp.layer('Controller')('Effects')('Color')('ADBE Color Control-0001');\n} catch (e) {\n    $bm_rt = value;\n}"},"o":{"a":0,"k":100,"ix":4},"w":{"a":0,"k":10,"ix":5},"lc":1,"lj":2,"bm":0,"nm":"Stroke 1","mn":"ADBE Vector Graphic - Stroke","hd":false},{"ty":"tr","p":{"a":0,"k":[0,0],"ix":2},"a":{"a":0,"k":[0,0],"ix":1},"s":{"a":0,"k":[100,100],"ix":3},"r":{"a":0,"k":0,"ix":6},"o":{"a":0,"k":100,"ix":7},"sk":{"a":0,"k":0,"ix":4},"sa":{"a":0,"k":0,"ix":5},"nm":"Transform"}],"nm":"Group 1","np":2,"cix":2,"bm":0,"ix":1,"mn":"ADBE Vector Group","hd":false},{"ty":"tm","s":{"a":1,"k":[{"i":{"x":[0.833],"y":[1]},"o":{"x":[0.75],"y":[0]},"t":36,"s":[0]},{"i":{"x":[0.25],"y":[1]},"o":{"x":[0.167],"y":[0]},"t":50,"s":[50]},{"t":64,"s":[0]}],"ix":1},"e":{"a":1,"k":[{"i":{"x":[0.833],"y":[1]},"o":{"x":[0.75],"y":[0]},"t":36,"s":[100]},{"i":{"x":[0.25],"y":[1]},"o":{"x":[0.167],"y":[0]},"t":50,"s":[50]},{"t":64,"s":[100]}],"ix":2},"o":{"a":0,"k":0,"ix":3},"m":1,"ix":2,"nm":"Trim Paths 1","mn":"ADBE Vector Filter - Trim","hd":false},{"ty":"tr","p":{"a":0,"k":[235,267.449],"ix":2},"a":{"a":0,"k":[30,5],"ix":1},"s":{"a":0,"k":[100,100],"ix":3},"r":{"a":0,"k":0,"ix":6},"o":{"a":0,"k":100,"ix":7},"sk":{"a":0,"k":0,"ix":4},"sa":{"a":0,"k":0,"ix":5},"nm":"Transform"}],"nm":"Line 1","np":2,"cix":2,"bm":0,"ix":2,"mn":"ADBE Vector Group","hd":false},{"ty":"gr","it":[{"ty":"gr","it":[{"ind":0,"ty":"sh","ix":1,"ks":{"a":0,"k":{"i":[[5.999,0],[0,0],[0,-5.998],[0,0],[-5.998,0],[0,0],[0,5.999],[0,0]],"o":[[0,0],[-5.998,0],[0,0],[0,5.999],[0,0],[5.999,0],[0,0],[0,-5.998]],"v":[[84.139,-27.164],[-84.139,-27.164],[-95,-16.303],[-95,16.302],[-84.139,27.164],[84.139,27.164],[95,16.302],[95,-16.303]],"c":true},"ix":2},"nm":"Path 1","mn":"ADBE Vector Shape - Group","hd":false},{"ty":"op","nm":"Offset Paths 1","a":{"a":0,"k":-3,"ix":1},"lj":1,"ml":{"a":0,"k":4,"ix":3},"ix":2,"mn":"ADBE Vector Filter - Offset","hd":false},{"ty":"st","c":{"a":0,"k":[0.968627510819,0.741176470588,0.329411764706,1],"ix":3,"x":"var $bm_rt;\ntry {\n    $bm_rt = thisComp.layer('Controller')('Effects')('Color 4')('ADBE Color Control-0001');\n} catch (e) {\n    $bm_rt = value;\n}"},"o":{"a":0,"k":100,"ix":4},"w":{"a":0,"k":7,"ix":5},"lc":1,"lj":1,"ml":4,"bm":0,"nm":"Stroke 1","mn":"ADBE Vector Graphic - Stroke","hd":false},{"ty":"fl","c":{"a":0,"k":[0.898000001907,0.587999999523,0.298000007868,1],"ix":4,"x":"var $bm_rt;\ntry {\n    $bm_rt = thisComp.layer('Controller')('Effects')('Color 5')('ADBE Color Control-0001');\n} catch (e) {\n    $bm_rt = value;\n}"},"o":{"a":0,"k":100,"ix":5},"r":1,"bm":0,"nm":"Fill 1","mn":"ADBE Vector Graphic - Fill","hd":false},{"ty":"tr","p":{"a":0,"k":[95.25,47.339],"ix":2},"a":{"a":0,"k":[0,0],"ix":1},"s":{"a":0,"k":[100,100],"ix":3},"r":{"a":0,"k":0,"ix":6},"o":{"a":0,"k":100,"ix":7},"sk":{"a":0,"k":0,"ix":4},"sa":{"a":0,"k":0,"ix":5},"nm":"Transform"}],"nm":"Group 1","np":4,"cix":2,"bm":0,"ix":1,"mn":"ADBE Vector Group","hd":false},{"ty":"gr","it":[{"ind":0,"ty":"sh","ix":1,"ks":{"a":0,"k":{"i":[[0,0],[0,0],[0,0],[2.913,0],[0,0],[1.453,-2.526]],"o":[[0,0],[0,0],[-1.453,-2.526],[0,0],[-2.913,0],[0,0]],"v":[[-93.206,12.408],[93.206,12.408],[81.282,-8.325],[74.225,-12.408],[-74.225,-12.408],[-81.282,-8.325]],"c":true},"ix":2},"nm":"Path 1","mn":"ADBE Vector Shape - Group","hd":false},{"ty":"fl","c":{"a":0,"k":[0.532999992371,0.587999999523,0.638999998569,1],"ix":4,"x":"var $bm_rt;\ntry {\n    $bm_rt = thisComp.layer('Controller')('Effects')('Color 6')('ADBE Color Control-0001');\n} catch (e) {\n    $bm_rt = value;\n}"},"o":{"a":0,"k":100,"ix":5},"r":1,"bm":0,"nm":"Fill 1","mn":"ADBE Vector Graphic - Fill","hd":false},{"ty":"tr","p":{"a":0,"k":[95.25,12.658],"ix":2},"a":{"a":0,"k":[0,0],"ix":1},"s":{"a":0,"k":[100,100],"ix":3},"r":{"a":0,"k":0,"ix":6},"o":{"a":0,"k":100,"ix":7},"sk":{"a":0,"k":0,"ix":4},"sa":{"a":0,"k":0,"ix":5},"nm":"Transform"}],"nm":"Group 2","np":2,"cix":2,"bm":0,"ix":2,"mn":"ADBE Vector Group","hd":false},{"ty":"tr","p":{"a":0,"k":[282.325,257.487],"ix":2},"a":{"a":0,"k":[95.25,37.376],"ix":1},"s":{"a":0,"k":[100,100],"ix":3},"r":{"a":0,"k":0,"ix":6},"o":{"a":0,"k":100,"ix":7},"sk":{"a":0,"k":0,"ix":4},"sa":{"a":0,"k":0,"ix":5},"nm":"Transform"}],"nm":"Server 1","np":2,"cix":2,"bm":0,"ix":3,"mn":"ADBE Vector Group","hd":false}],"ip":0,"op":75,"st":0,"bm":0},{"ddd":0,"ind":9,"ty":4,"nm":"Server 3","sr":1,"ks":{"o":{"a":0,"k":100,"ix":11},"r":{"a":0,"k":0,"ix":10},"p":{"a":1,"k":[{"i":{"x":0.3,"y":1},"o":{"x":0.167,"y":0.167},"t":6,"s":[280,395,0],"to":[0,0,0],"ti":[0,0,0]},{"i":{"x":0.3,"y":1},"o":{"x":0.7,"y":0},"t":23,"s":[240,395,0],"to":[0,0,0],"ti":[0,0,0]},{"i":{"x":0.3,"y":1},"o":{"x":0.7,"y":0},"t":40,"s":[320,395,0],"to":[0,0,0],"ti":[0,0,0]},{"i":{"x":0.3,"y":0.3},"o":{"x":0.7,"y":0.7},"t":57,"s":[280,395,0],"to":[0,0,0],"ti":[0,0,0]},{"t":78,"s":[280,395,0]}],"ix":2},"a":{"a":0,"k":[282.325,257.487,0],"ix":1},"s":{"a":0,"k":[100,100,100],"ix":6}},"ao":0,"shapes":[{"ty":"gr","it":[{"ty":"gr","it":[{"ind":0,"ty":"sh","ix":1,"ks":{"a":0,"k":{"i":[[1.119,1.109],[0.33,0.22],[0.36,0.15],[0.389,0.071],[0.769,-0.159],[0.369,-0.15],[0.32,-0.22],[0.27,-0.28],[0,-1.58],[-1.121,-1.109],[-1.58,0],[-0.38,0.08],[-0.361,0.15],[-0.33,0.21],[-0.271,0.281],[0,1.58]],"o":[[-0.271,-0.28],[-0.32,-0.22],[-0.371,-0.15],[-0.771,-0.159],[-0.391,0.071],[-0.36,0.15],[-0.33,0.22],[-1.121,1.109],[0,1.58],[1.11,1.121],[0.389,0],[0.389,-0.08],[0.37,-0.15],[0.33,-0.219],[1.119,-1.12],[0,-1.58]],"v":[[4.24,-4.22],[3.33,-4.97],[2.3,-5.52],[1.17,-5.861],[-1.17,-5.861],[-2.3,-5.52],[-3.33,-4.97],[-4.24,-4.22],[-6,0.02],[-4.24,4.259],[0,6.02],[1.17,5.9],[2.29,5.56],[3.33,5.009],[4.24,4.259],[6,0.02]],"c":true},"ix":2},"nm":"Path 1","mn":"ADBE Vector Shape - Group","hd":false},{"ty":"fl","c":{"a":0,"k":[0.372999995947,0.40000000596,0.458999991417,1],"ix":4,"x":"var $bm_rt;\ntry {\n    $bm_rt = thisComp.layer('Controller')('Effects')('Color')('ADBE Color Control-0001');\n} catch (e) {\n    $bm_rt = value;\n}"},"o":{"a":0,"k":100,"ix":5},"r":1,"bm":0,"nm":"Fill 1","mn":"ADBE Vector Graphic - Fill","hd":false},{"ty":"tr","p":{"a":0,"k":[51.25,6.27],"ix":2},"a":{"a":0,"k":[0,0],"ix":1},"s":{"a":1,"k":[{"i":{"x":[0.25,0.25],"y":[1,1]},"o":{"x":[0.75,0.75],"y":[0,0]},"t":39,"s":[100,100]},{"i":{"x":[0.25,0.25],"y":[1,1]},"o":{"x":[0.75,0.75],"y":[0,0]},"t":46,"s":[150,150]},{"i":{"x":[0.25,0.25],"y":[1,1]},"o":{"x":[0.75,0.75],"y":[0,0]},"t":53,"s":[50,50]},{"t":60,"s":[100,100]}],"ix":3},"r":{"a":0,"k":0,"ix":6},"o":{"a":0,"k":100,"ix":7},"sk":{"a":0,"k":0,"ix":4},"sa":{"a":0,"k":0,"ix":5},"nm":"Transform"}],"nm":"Group 1","np":2,"cix":2,"bm":0,"ix":1,"mn":"ADBE Vector Group","hd":false},{"ty":"gr","it":[{"ind":0,"ty":"sh","ix":1,"ks":{"a":0,"k":{"i":[[3.31,0],[0,-3.32],[-3.311,0],[0,3.31]],"o":[[-3.311,0],[0,3.31],[3.31,0],[0,-3.32]],"v":[[0,-6],[-6,0],[0,6],[6,0]],"c":true},"ix":2},"nm":"Path 1","mn":"ADBE Vector Shape - Group","hd":false},{"ty":"fl","c":{"a":0,"k":[0.372999995947,0.40000000596,0.458999991417,1],"ix":4,"x":"var $bm_rt;\ntry {\n    $bm_rt = thisComp.layer('Controller')('Effects')('Color')('ADBE Color Control-0001');\n} catch (e) {\n    $bm_rt = value;\n}"},"o":{"a":0,"k":100,"ix":5},"r":1,"bm":0,"nm":"Fill 1","mn":"ADBE Vector Graphic - Fill","hd":false},{"ty":"tr","p":{"a":0,"k":[28.75,6.29],"ix":2},"a":{"a":0,"k":[0,0],"ix":1},"s":{"a":1,"k":[{"i":{"x":[0.25,0.25],"y":[1,1]},"o":{"x":[0.75,0.75],"y":[0,0]},"t":36,"s":[100,100]},{"i":{"x":[0.25,0.25],"y":[1,1]},"o":{"x":[0.75,0.75],"y":[0,0]},"t":43,"s":[150,150]},{"i":{"x":[0.25,0.25],"y":[1,1]},"o":{"x":[0.75,0.75],"y":[0,0]},"t":50,"s":[50,50]},{"t":57,"s":[100,100]}],"ix":3},"r":{"a":0,"k":0,"ix":6},"o":{"a":0,"k":100,"ix":7},"sk":{"a":0,"k":0,"ix":4},"sa":{"a":0,"k":0,"ix":5},"nm":"Transform"}],"nm":"Group 2","np":2,"cix":2,"bm":0,"ix":2,"mn":"ADBE Vector Group","hd":false},{"ty":"gr","it":[{"ind":0,"ty":"sh","ix":1,"ks":{"a":0,"k":{"i":[[1.58,0],[1.12,-1.12],[0.219,-0.33],[0.149,-0.359],[0.069,-0.391],[0,-0.391],[-1.12,-1.12],[-0.33,-0.219],[-0.36,-0.15],[-0.391,-0.08],[-0.391,0],[-1.11,1.12],[0,1.58],[1.119,1.109]],"o":[[-1.58,0],[-0.281,0.269],[-0.22,0.319],[-0.15,0.37],[-0.08,0.38],[0,1.58],[0.27,0.281],[0.32,0.21],[0.369,0.149],[0.38,0.08],[1.58,0],[1.119,-1.12],[0,-1.58],[-1.12,-1.12]],"v":[[0,-6],[-4.24,-4.24],[-4.99,-3.33],[-5.54,-2.301],[-5.88,-1.17],[-6,0],[-4.24,4.239],[-3.33,4.989],[-2.3,5.54],[-1.17,5.88],[0,6],[4.24,4.239],[6,0],[4.24,-4.24]],"c":true},"ix":2},"nm":"Path 1","mn":"ADBE Vector Shape - Group","hd":false},{"ty":"fl","c":{"a":0,"k":[0.372999995947,0.40000000596,0.458999991417,1],"ix":4,"x":"var $bm_rt;\ntry {\n    $bm_rt = thisComp.layer('Controller')('Effects')('Color')('ADBE Color Control-0001');\n} catch (e) {\n    $bm_rt = value;\n}"},"o":{"a":0,"k":100,"ix":5},"r":1,"bm":0,"nm":"Fill 1","mn":"ADBE Vector Graphic - Fill","hd":false},{"ty":"tr","p":{"a":0,"k":[6.25,6.29],"ix":2},"a":{"a":0,"k":[0,0],"ix":1},"s":{"a":1,"k":[{"i":{"x":[0.25,0.25],"y":[1,1]},"o":{"x":[0.75,0.75],"y":[0,0]},"t":33,"s":[100,100]},{"i":{"x":[0.25,0.25],"y":[1,1]},"o":{"x":[0.75,0.75],"y":[0,0]},"t":40,"s":[150,150]},{"i":{"x":[0.25,0.25],"y":[1,1]},"o":{"x":[0.75,0.75],"y":[0,0]},"t":47,"s":[50,50]},{"t":54,"s":[100,100]}],"ix":3},"r":{"a":0,"k":0,"ix":6},"o":{"a":0,"k":100,"ix":7},"sk":{"a":0,"k":0,"ix":4},"sa":{"a":0,"k":0,"ix":5},"nm":"Transform"}],"nm":"Group 3","np":2,"cix":2,"bm":0,"ix":3,"mn":"ADBE Vector Group","hd":false},{"ty":"tr","p":{"a":0,"k":[330,267.45],"ix":2},"a":{"a":0,"k":[28.75,6.29],"ix":1},"s":{"a":0,"k":[100,100],"ix":3},"r":{"a":0,"k":0,"ix":6},"o":{"a":0,"k":100,"ix":7},"sk":{"a":0,"k":0,"ix":4},"sa":{"a":0,"k":0,"ix":5},"nm":"Transform"}],"nm":"Points 1","np":3,"cix":2,"bm":0,"ix":1,"mn":"ADBE Vector Group","hd":false},{"ty":"gr","it":[{"ty":"gr","it":[{"ind":0,"ty":"sh","ix":1,"ks":{"a":0,"k":{"i":[[0,0],[0,0]],"o":[[0,0],[0,0]],"v":[[5,5],[55,5]],"c":false},"ix":2},"nm":"Path 1","mn":"ADBE Vector Shape - Group","hd":false},{"ty":"st","c":{"a":0,"k":[0.372999995947,0.40000000596,0.458999991417,1],"ix":3,"x":"var $bm_rt;\ntry {\n    $bm_rt = thisComp.layer('Controller')('Effects')('Color')('ADBE Color Control-0001');\n} catch (e) {\n    $bm_rt = value;\n}"},"o":{"a":0,"k":100,"ix":4},"w":{"a":0,"k":10,"ix":5},"lc":1,"lj":2,"bm":0,"nm":"Stroke 1","mn":"ADBE Vector Graphic - Stroke","hd":false},{"ty":"tr","p":{"a":0,"k":[0,0],"ix":2},"a":{"a":0,"k":[0,0],"ix":1},"s":{"a":0,"k":[100,100],"ix":3},"r":{"a":0,"k":0,"ix":6},"o":{"a":0,"k":100,"ix":7},"sk":{"a":0,"k":0,"ix":4},"sa":{"a":0,"k":0,"ix":5},"nm":"Transform"}],"nm":"Group 1","np":2,"cix":2,"bm":0,"ix":1,"mn":"ADBE Vector Group","hd":false},{"ty":"tm","s":{"a":1,"k":[{"i":{"x":[0.833],"y":[1]},"o":{"x":[0.75],"y":[0]},"t":33,"s":[0]},{"i":{"x":[0.25],"y":[1]},"o":{"x":[0.167],"y":[0]},"t":47,"s":[50]},{"t":61,"s":[0]}],"ix":1},"e":{"a":1,"k":[{"i":{"x":[0.833],"y":[1]},"o":{"x":[0.75],"y":[0]},"t":33,"s":[100]},{"i":{"x":[0.25],"y":[1]},"o":{"x":[0.167],"y":[0]},"t":47,"s":[50]},{"t":61,"s":[100]}],"ix":2},"o":{"a":0,"k":0,"ix":3},"m":1,"ix":2,"nm":"Trim Paths 1","mn":"ADBE Vector Filter - Trim","hd":false},{"ty":"tr","p":{"a":0,"k":[235,267.449],"ix":2},"a":{"a":0,"k":[30,5],"ix":1},"s":{"a":0,"k":[100,100],"ix":3},"r":{"a":0,"k":0,"ix":6},"o":{"a":0,"k":100,"ix":7},"sk":{"a":0,"k":0,"ix":4},"sa":{"a":0,"k":0,"ix":5},"nm":"Transform"}],"nm":"Line 1","np":2,"cix":2,"bm":0,"ix":2,"mn":"ADBE Vector Group","hd":false},{"ty":"gr","it":[{"ty":"gr","it":[{"ind":0,"ty":"sh","ix":1,"ks":{"a":0,"k":{"i":[[5.999,0],[0,0],[0,-5.998],[0,0],[-5.998,0],[0,0],[0,5.999],[0,0]],"o":[[0,0],[-5.998,0],[0,0],[0,5.999],[0,0],[5.999,0],[0,0],[0,-5.998]],"v":[[84.139,-27.164],[-84.139,-27.164],[-95,-16.303],[-95,16.302],[-84.139,27.164],[84.139,27.164],[95,16.302],[95,-16.303]],"c":true},"ix":2},"nm":"Path 1","mn":"ADBE Vector Shape - Group","hd":false},{"ty":"op","nm":"Offset Paths 1","a":{"a":0,"k":-3,"ix":1},"lj":1,"ml":{"a":0,"k":4,"ix":3},"ix":2,"mn":"ADBE Vector Filter - Offset","hd":false},{"ty":"st","c":{"a":0,"k":[0.968627512455,0.741176486015,0.329411774874,1],"ix":3,"x":"var $bm_rt;\ntry {\n    $bm_rt = thisComp.layer('Controller')('Effects')('Color 4')('ADBE Color Control-0001');\n} catch (e) {\n    $bm_rt = value;\n}"},"o":{"a":0,"k":100,"ix":4},"w":{"a":0,"k":7,"ix":5},"lc":1,"lj":1,"ml":4,"bm":0,"nm":"Stroke 1","mn":"ADBE Vector Graphic - Stroke","hd":false},{"ty":"fl","c":{"a":0,"k":[0.898000001907,0.587999999523,0.298000007868,1],"ix":4,"x":"var $bm_rt;\ntry {\n    $bm_rt = thisComp.layer('Controller')('Effects')('Color 5')('ADBE Color Control-0001');\n} catch (e) {\n    $bm_rt = value;\n}"},"o":{"a":0,"k":100,"ix":5},"r":1,"bm":0,"nm":"Fill 1","mn":"ADBE Vector Graphic - Fill","hd":false},{"ty":"tr","p":{"a":0,"k":[95.25,47.339],"ix":2},"a":{"a":0,"k":[0,0],"ix":1},"s":{"a":0,"k":[100,100],"ix":3},"r":{"a":0,"k":0,"ix":6},"o":{"a":0,"k":100,"ix":7},"sk":{"a":0,"k":0,"ix":4},"sa":{"a":0,"k":0,"ix":5},"nm":"Transform"}],"nm":"Group 1","np":4,"cix":2,"bm":0,"ix":1,"mn":"ADBE Vector Group","hd":false},{"ty":"gr","it":[{"ind":0,"ty":"sh","ix":1,"ks":{"a":0,"k":{"i":[[0,0],[0,0],[0,0],[2.913,0],[0,0],[1.453,-2.526]],"o":[[0,0],[0,0],[-1.453,-2.526],[0,0],[-2.913,0],[0,0]],"v":[[-93.206,12.408],[93.206,12.408],[81.282,-8.325],[74.225,-12.408],[-74.225,-12.408],[-81.282,-8.325]],"c":true},"ix":2},"nm":"Path 1","mn":"ADBE Vector Shape - Group","hd":false},{"ty":"fl","c":{"a":0,"k":[0.532999992371,0.587999999523,0.638999998569,1],"ix":4,"x":"var $bm_rt;\ntry {\n    $bm_rt = thisComp.layer('Controller')('Effects')('Color 6')('ADBE Color Control-0001');\n} catch (e) {\n    $bm_rt = value;\n}"},"o":{"a":0,"k":100,"ix":5},"r":1,"bm":0,"nm":"Fill 1","mn":"ADBE Vector Graphic - Fill","hd":false},{"ty":"tr","p":{"a":0,"k":[95.25,12.658],"ix":2},"a":{"a":0,"k":[0,0],"ix":1},"s":{"a":0,"k":[100,100],"ix":3},"r":{"a":0,"k":0,"ix":6},"o":{"a":0,"k":100,"ix":7},"sk":{"a":0,"k":0,"ix":4},"sa":{"a":0,"k":0,"ix":5},"nm":"Transform"}],"nm":"Group 2","np":2,"cix":2,"bm":0,"ix":2,"mn":"ADBE Vector Group","hd":false},{"ty":"tr","p":{"a":0,"k":[282.325,257.487],"ix":2},"a":{"a":0,"k":[95.25,37.376],"ix":1},"s":{"a":0,"k":[100,100],"ix":3},"r":{"a":0,"k":0,"ix":6},"o":{"a":0,"k":100,"ix":7},"sk":{"a":0,"k":0,"ix":4},"sa":{"a":0,"k":0,"ix":5},"nm":"Transform"}],"nm":"Server 1","np":2,"cix":2,"bm":0,"ix":3,"mn":"ADBE Vector Group","hd":false}],"ip":0,"op":78,"st":0,"bm":0},{"ddd":0,"ind":10,"ty":4,"nm":"Cloud 1","sr":1,"ks":{"o":{"a":0,"k":100,"ix":11},"r":{"a":0,"k":0,"ix":10},"p":{"a":1,"k":[{"i":{"x":0.3,"y":1},"o":{"x":0.167,"y":0.167},"t":3,"s":[275,215,0],"to":[0,0,0],"ti":[0,0,0]},{"i":{"x":0.3,"y":1},"o":{"x":0.7,"y":0},"t":20,"s":[245,215,0],"to":[0,0,0],"ti":[0,0,0]},{"i":{"x":0.3,"y":1},"o":{"x":0.7,"y":0},"t":37,"s":[305,215,0],"to":[0,0,0],"ti":[0,0,0]},{"i":{"x":0.2,"y":1},"o":{"x":0.7,"y":0},"t":54,"s":[275,215,0],"to":[0,0,0],"ti":[0,0,0]},{"i":{"x":0.1,"y":1},"o":{"x":0.8,"y":0},"t":73,"s":[275,260,0],"to":[0,0,0],"ti":[0,0,0]},{"i":{"x":0.2,"y":1},"o":{"x":0.9,"y":0},"t":98,"s":[275,215,0],"to":[0,0,0],"ti":[0,0,0]},{"i":{"x":0.3,"y":1},"o":{"x":0.8,"y":0},"t":123,"s":[275,250,0],"to":[0,0,0],"ti":[0,0,0]},{"t":138,"s":[275,215,0]}],"ix":2},"a":{"a":0,"k":[148.478,96.829,0],"ix":1},"s":{"a":0,"k":[100,100,100],"ix":6}},"ao":0,"shapes":[{"ty":"gr","it":[{"ind":0,"ty":"sh","ix":1,"ks":{"a":0,"k":{"i":[[0,0],[0,24.5],[20.473,3.933],[0,6.726],[20.763,0],[6.675,-6.06],[34.446,0],[0,-37.429],[-0.754,-4.043],[4.032,0],[0,-31.534],[-31.533,0]],"o":[[24.502,0],[0,-21.618],[3.096,-5.463],[0,-20.766],[-9.73,0],[-4.315,-33.27],[-37.43,0],[0,4.263],[-3.788,-0.806],[-31.533,0],[0,31.534],[0,0]],"v":[[103.864,96.579],[148.228,52.215],[112.274,8.715],[117.156,-9.775],[79.558,-47.376],[54.32,-37.59],[-12.82,-96.579],[-80.593,-28.809],[-79.398,-16.348],[-91.131,-17.613],[-148.228,39.481],[-91.131,96.579]],"c":true},"ix":2},"nm":"Path 1","mn":"ADBE Vector Shape - Group","hd":false},{"ty":"fl","c":{"a":0,"k":[0.922000002394,0.922000002394,0.922000002394,1],"ix":4,"x":"var $bm_rt;\ntry {\n    $bm_rt = thisComp.layer('Controller').effect('Color 7')('ADBE Color Control-0001');\n} catch (e) {\n    $bm_rt = value;\n}"},"o":{"a":0,"k":100,"ix":5},"r":1,"bm":0,"nm":"Fill 1","mn":"ADBE Vector Graphic - Fill","hd":false},{"ty":"tr","p":{"a":0,"k":[148.478,96.829],"ix":2},"a":{"a":0,"k":[0,0],"ix":1},"s":{"a":0,"k":[100,100],"ix":3},"r":{"a":0,"k":0,"ix":6},"o":{"a":0,"k":100,"ix":7},"sk":{"a":0,"k":0,"ix":4},"sa":{"a":0,"k":0,"ix":5},"nm":"Transform"}],"nm":"Group 1","np":2,"cix":2,"bm":0,"ix":1,"mn":"ADBE Vector Group","hd":false}],"ip":0,"op":150,"st":0,"bm":0},{"ddd":0,"ind":11,"ty":4,"nm":"Cloud 2","sr":1,"ks":{"o":{"a":0,"k":100,"ix":11},"r":{"a":0,"k":0,"ix":10},"p":{"a":1,"k":[{"i":{"x":0.3,"y":1},"o":{"x":0.167,"y":0.167},"t":0,"s":[205,160,0],"to":[0,0,0],"ti":[0,0,0]},{"i":{"x":0.3,"y":1},"o":{"x":0.7,"y":0},"t":17,"s":[175,160,0],"to":[0,0,0],"ti":[0,0,0]},{"i":{"x":0.3,"y":1},"o":{"x":0.7,"y":0},"t":34,"s":[235,160,0],"to":[0,0,0],"ti":[0,0,0]},{"i":{"x":0.2,"y":1},"o":{"x":0.7,"y":0},"t":51,"s":[205,160,0],"to":[0,0,0],"ti":[0,0,0]},{"i":{"x":0.1,"y":1},"o":{"x":0.8,"y":0},"t":70,"s":[205,205,0],"to":[0,0,0],"ti":[0,0,0]},{"i":{"x":0.2,"y":1},"o":{"x":0.9,"y":0},"t":95,"s":[205,160,0],"to":[0,0,0],"ti":[0,0,0]},{"i":{"x":0.3,"y":1},"o":{"x":0.8,"y":0},"t":120,"s":[205,195,0],"to":[0,0,0],"ti":[0,0,0]},{"t":135,"s":[205,160,0]}],"ix":2},"a":{"a":0,"k":[127.75,83.324,0],"ix":1},"s":{"a":0,"k":[100,100,100],"ix":6}},"ao":0,"shapes":[{"ty":"gr","it":[{"ind":0,"ty":"sh","ix":1,"ks":{"a":0,"k":{"i":[[0,0],[0,21.074],[-17.61,3.383],[0,5.785],[-17.86,0],[-5.742,-5.212],[-29.629,0],[0,-32.194],[0.648,-3.478],[-3.468,0],[0,-27.125],[27.124,0]],"o":[[-21.075,0],[0,-18.595],[-2.663,-4.699],[0,-17.862],[8.369,0],[3.712,-28.618],[32.196,0],[0,3.667],[3.258,-0.694],[27.124,0],[0,27.123],[0,0]],"v":[[-89.34,83.074],[-127.5,44.914],[-96.574,7.497],[-100.774,-8.407],[-68.433,-40.75],[-46.724,-32.333],[11.027,-83.074],[69.323,-24.78],[68.295,-14.061],[78.387,-15.149],[127.5,33.961],[78.387,83.074]],"c":true},"ix":2},"nm":"Path 1","mn":"ADBE Vector Shape - Group","hd":false},{"ty":"fl","c":{"a":0,"k":[0.811999990426,0.811999990426,0.811999990426,1],"ix":4,"x":"var $bm_rt;\ntry {\n    $bm_rt = thisComp.layer('Controller').effect('Color 8')('ADBE Color Control-0001');\n} catch (e) {\n    $bm_rt = value;\n}"},"o":{"a":0,"k":100,"ix":5},"r":1,"bm":0,"nm":"Fill 1","mn":"ADBE Vector Graphic - Fill","hd":false},{"ty":"tr","p":{"a":0,"k":[127.75,83.324],"ix":2},"a":{"a":0,"k":[0,0],"ix":1},"s":{"a":0,"k":[100,100],"ix":3},"r":{"a":0,"k":0,"ix":6},"o":{"a":0,"k":100,"ix":7},"sk":{"a":0,"k":0,"ix":4},"sa":{"a":0,"k":0,"ix":5},"nm":"Transform"}],"nm":"Group 1","np":2,"cix":2,"bm":0,"ix":1,"mn":"ADBE Vector Group","hd":false}],"ip":0,"op":150,"st":0,"bm":0},{"ddd":0,"ind":12,"ty":4,"nm":"Server 4","sr":1,"ks":{"o":{"a":0,"k":100,"ix":11},"r":{"a":0,"k":0,"ix":10},"p":{"a":1,"k":[{"i":{"x":0.3,"y":1},"o":{"x":0.7,"y":0},"t":78,"s":[280,395,0],"to":[0,0,0],"ti":[0,0,0]},{"i":{"x":0.3,"y":0.3},"o":{"x":0.7,"y":0.7},"t":93,"s":[280,270,0],"to":[0,0,0],"ti":[0,0,0]},{"i":{"x":0.3,"y":1},"o":{"x":0.7,"y":0},"t":117,"s":[280,270,0],"to":[0,0,0],"ti":[0,0,0]},{"t":132,"s":[280,395,0]}],"ix":2},"a":{"a":0,"k":[282.325,257.487,0],"ix":1},"s":{"a":0,"k":[100,100,100],"ix":6}},"ao":0,"shapes":[{"ty":"gr","it":[{"ty":"gr","it":[{"ind":0,"ty":"sh","ix":1,"ks":{"a":0,"k":{"i":[[1.119,1.109],[0.33,0.22],[0.36,0.15],[0.389,0.071],[0.769,-0.159],[0.369,-0.15],[0.32,-0.22],[0.27,-0.28],[0,-1.58],[-1.121,-1.109],[-1.58,0],[-0.38,0.08],[-0.361,0.15],[-0.33,0.21],[-0.271,0.281],[0,1.58]],"o":[[-0.271,-0.28],[-0.32,-0.22],[-0.371,-0.15],[-0.771,-0.159],[-0.391,0.071],[-0.36,0.15],[-0.33,0.22],[-1.121,1.109],[0,1.58],[1.11,1.121],[0.389,0],[0.389,-0.08],[0.37,-0.15],[0.33,-0.219],[1.119,-1.12],[0,-1.58]],"v":[[4.24,-4.22],[3.33,-4.97],[2.3,-5.52],[1.17,-5.861],[-1.17,-5.861],[-2.3,-5.52],[-3.33,-4.97],[-4.24,-4.22],[-6,0.02],[-4.24,4.259],[0,6.02],[1.17,5.9],[2.29,5.56],[3.33,5.009],[4.24,4.259],[6,0.02]],"c":true},"ix":2},"nm":"Path 1","mn":"ADBE Vector Shape - Group","hd":false},{"ty":"fl","c":{"a":0,"k":[0.372999995947,0.40000000596,0.458999991417,1],"ix":4,"x":"var $bm_rt;\ntry {\n    $bm_rt = thisComp.layer('Controller')('Effects')('Color')('ADBE Color Control-0001');\n} catch (e) {\n    $bm_rt = value;\n}"},"o":{"a":0,"k":100,"ix":5},"r":1,"bm":0,"nm":"Fill 1","mn":"ADBE Vector Graphic - Fill","hd":false},{"ty":"tr","p":{"a":0,"k":[51.25,6.27],"ix":2},"a":{"a":0,"k":[0,0],"ix":1},"s":{"a":1,"k":[{"i":{"x":[0.25,0.25],"y":[1,1]},"o":{"x":[0.75,0.75],"y":[0,0]},"t":39,"s":[100,100]},{"i":{"x":[0.25,0.25],"y":[1,1]},"o":{"x":[0.75,0.75],"y":[0,0]},"t":46,"s":[150,150]},{"i":{"x":[0.25,0.25],"y":[1,1]},"o":{"x":[0.75,0.75],"y":[0,0]},"t":53,"s":[50,50]},{"t":60,"s":[100,100]}],"ix":3},"r":{"a":0,"k":0,"ix":6},"o":{"a":0,"k":100,"ix":7},"sk":{"a":0,"k":0,"ix":4},"sa":{"a":0,"k":0,"ix":5},"nm":"Transform"}],"nm":"Group 1","np":2,"cix":2,"bm":0,"ix":1,"mn":"ADBE Vector Group","hd":false},{"ty":"gr","it":[{"ind":0,"ty":"sh","ix":1,"ks":{"a":0,"k":{"i":[[3.31,0],[0,-3.32],[-3.311,0],[0,3.31]],"o":[[-3.311,0],[0,3.31],[3.31,0],[0,-3.32]],"v":[[0,-6],[-6,0],[0,6],[6,0]],"c":true},"ix":2},"nm":"Path 1","mn":"ADBE Vector Shape - Group","hd":false},{"ty":"fl","c":{"a":0,"k":[0.372999995947,0.40000000596,0.458999991417,1],"ix":4,"x":"var $bm_rt;\ntry {\n    $bm_rt = thisComp.layer('Controller')('Effects')('Color')('ADBE Color Control-0001');\n} catch (e) {\n    $bm_rt = value;\n}"},"o":{"a":0,"k":100,"ix":5},"r":1,"bm":0,"nm":"Fill 1","mn":"ADBE Vector Graphic - Fill","hd":false},{"ty":"tr","p":{"a":0,"k":[28.75,6.29],"ix":2},"a":{"a":0,"k":[0,0],"ix":1},"s":{"a":1,"k":[{"i":{"x":[0.25,0.25],"y":[1,1]},"o":{"x":[0.75,0.75],"y":[0,0]},"t":36,"s":[100,100]},{"i":{"x":[0.25,0.25],"y":[1,1]},"o":{"x":[0.75,0.75],"y":[0,0]},"t":43,"s":[150,150]},{"i":{"x":[0.25,0.25],"y":[1,1]},"o":{"x":[0.75,0.75],"y":[0,0]},"t":50,"s":[50,50]},{"t":57,"s":[100,100]}],"ix":3},"r":{"a":0,"k":0,"ix":6},"o":{"a":0,"k":100,"ix":7},"sk":{"a":0,"k":0,"ix":4},"sa":{"a":0,"k":0,"ix":5},"nm":"Transform"}],"nm":"Group 2","np":2,"cix":2,"bm":0,"ix":2,"mn":"ADBE Vector Group","hd":false},{"ty":"gr","it":[{"ind":0,"ty":"sh","ix":1,"ks":{"a":0,"k":{"i":[[1.58,0],[1.12,-1.12],[0.219,-0.33],[0.149,-0.359],[0.069,-0.391],[0,-0.391],[-1.12,-1.12],[-0.33,-0.219],[-0.36,-0.15],[-0.391,-0.08],[-0.391,0],[-1.11,1.12],[0,1.58],[1.119,1.109]],"o":[[-1.58,0],[-0.281,0.269],[-0.22,0.319],[-0.15,0.37],[-0.08,0.38],[0,1.58],[0.27,0.281],[0.32,0.21],[0.369,0.149],[0.38,0.08],[1.58,0],[1.119,-1.12],[0,-1.58],[-1.12,-1.12]],"v":[[0,-6],[-4.24,-4.24],[-4.99,-3.33],[-5.54,-2.301],[-5.88,-1.17],[-6,0],[-4.24,4.239],[-3.33,4.989],[-2.3,5.54],[-1.17,5.88],[0,6],[4.24,4.239],[6,0],[4.24,-4.24]],"c":true},"ix":2},"nm":"Path 1","mn":"ADBE Vector Shape - Group","hd":false},{"ty":"fl","c":{"a":0,"k":[0.372999995947,0.40000000596,0.458999991417,1],"ix":4,"x":"var $bm_rt;\ntry {\n    $bm_rt = thisComp.layer('Controller')('Effects')('Color')('ADBE Color Control-0001');\n} catch (e) {\n    $bm_rt = value;\n}"},"o":{"a":0,"k":100,"ix":5},"r":1,"bm":0,"nm":"Fill 1","mn":"ADBE Vector Graphic - Fill","hd":false},{"ty":"tr","p":{"a":0,"k":[6.25,6.29],"ix":2},"a":{"a":0,"k":[0,0],"ix":1},"s":{"a":1,"k":[{"i":{"x":[0.25,0.25],"y":[1,1]},"o":{"x":[0.75,0.75],"y":[0,0]},"t":33,"s":[100,100]},{"i":{"x":[0.25,0.25],"y":[1,1]},"o":{"x":[0.75,0.75],"y":[0,0]},"t":40,"s":[150,150]},{"i":{"x":[0.25,0.25],"y":[1,1]},"o":{"x":[0.75,0.75],"y":[0,0]},"t":47,"s":[50,50]},{"t":54,"s":[100,100]}],"ix":3},"r":{"a":0,"k":0,"ix":6},"o":{"a":0,"k":100,"ix":7},"sk":{"a":0,"k":0,"ix":4},"sa":{"a":0,"k":0,"ix":5},"nm":"Transform"}],"nm":"Group 3","np":2,"cix":2,"bm":0,"ix":3,"mn":"ADBE Vector Group","hd":false},{"ty":"tr","p":{"a":0,"k":[330,267.45],"ix":2},"a":{"a":0,"k":[28.75,6.29],"ix":1},"s":{"a":0,"k":[100,100],"ix":3},"r":{"a":0,"k":0,"ix":6},"o":{"a":0,"k":100,"ix":7},"sk":{"a":0,"k":0,"ix":4},"sa":{"a":0,"k":0,"ix":5},"nm":"Transform"}],"nm":"Points 1","np":3,"cix":2,"bm":0,"ix":1,"mn":"ADBE Vector Group","hd":false},{"ty":"gr","it":[{"ty":"gr","it":[{"ind":0,"ty":"sh","ix":1,"ks":{"a":0,"k":{"i":[[0,0],[0,0]],"o":[[0,0],[0,0]],"v":[[5,5],[55,5]],"c":false},"ix":2},"nm":"Path 1","mn":"ADBE Vector Shape - Group","hd":false},{"ty":"st","c":{"a":0,"k":[0.372999995947,0.40000000596,0.458999991417,1],"ix":3,"x":"var $bm_rt;\ntry {\n    $bm_rt = thisComp.layer('Controller')('Effects')('Color')('ADBE Color Control-0001');\n} catch (e) {\n    $bm_rt = value;\n}"},"o":{"a":0,"k":100,"ix":4},"w":{"a":0,"k":10,"ix":5},"lc":1,"lj":2,"bm":0,"nm":"Stroke 1","mn":"ADBE Vector Graphic - Stroke","hd":false},{"ty":"tr","p":{"a":0,"k":[0,0],"ix":2},"a":{"a":0,"k":[0,0],"ix":1},"s":{"a":0,"k":[100,100],"ix":3},"r":{"a":0,"k":0,"ix":6},"o":{"a":0,"k":100,"ix":7},"sk":{"a":0,"k":0,"ix":4},"sa":{"a":0,"k":0,"ix":5},"nm":"Transform"}],"nm":"Group 1","np":2,"cix":2,"bm":0,"ix":1,"mn":"ADBE Vector Group","hd":false},{"ty":"tm","s":{"a":1,"k":[{"i":{"x":[0.833],"y":[1]},"o":{"x":[0.75],"y":[0]},"t":33,"s":[0]},{"i":{"x":[0.25],"y":[1]},"o":{"x":[0.167],"y":[0]},"t":47,"s":[50]},{"t":61,"s":[0]}],"ix":1},"e":{"a":1,"k":[{"i":{"x":[0.833],"y":[1]},"o":{"x":[0.75],"y":[0]},"t":33,"s":[100]},{"i":{"x":[0.25],"y":[1]},"o":{"x":[0.167],"y":[0]},"t":47,"s":[50]},{"t":61,"s":[100]}],"ix":2},"o":{"a":0,"k":0,"ix":3},"m":1,"ix":2,"nm":"Trim Paths 1","mn":"ADBE Vector Filter - Trim","hd":false},{"ty":"tr","p":{"a":0,"k":[235,267.449],"ix":2},"a":{"a":0,"k":[30,5],"ix":1},"s":{"a":0,"k":[100,100],"ix":3},"r":{"a":0,"k":0,"ix":6},"o":{"a":0,"k":100,"ix":7},"sk":{"a":0,"k":0,"ix":4},"sa":{"a":0,"k":0,"ix":5},"nm":"Transform"}],"nm":"Line 1","np":2,"cix":2,"bm":0,"ix":2,"mn":"ADBE Vector Group","hd":false},{"ty":"gr","it":[{"ty":"gr","it":[{"ind":0,"ty":"sh","ix":1,"ks":{"a":0,"k":{"i":[[5.999,0],[0,0],[0,-5.998],[0,0],[-5.998,0],[0,0],[0,5.999],[0,0]],"o":[[0,0],[-5.998,0],[0,0],[0,5.999],[0,0],[5.999,0],[0,0],[0,-5.998]],"v":[[84.139,-27.164],[-84.139,-27.164],[-95,-16.303],[-95,16.302],[-84.139,27.164],[84.139,27.164],[95,16.302],[95,-16.303]],"c":true},"ix":2},"nm":"Path 1","mn":"ADBE Vector Shape - Group","hd":false},{"ty":"op","nm":"Offset Paths 1","a":{"a":0,"k":-3,"ix":1},"lj":1,"ml":{"a":0,"k":4,"ix":3},"ix":2,"mn":"ADBE Vector Filter - Offset","hd":false},{"ty":"st","c":{"a":0,"k":[0.968627512455,0.741176486015,0.329411774874,1],"ix":3,"x":"var $bm_rt;\ntry {\n    $bm_rt = thisComp.layer('Controller')('Effects')('Color 4')('ADBE Color Control-0001');\n} catch (e) {\n    $bm_rt = value;\n}"},"o":{"a":0,"k":100,"ix":4},"w":{"a":0,"k":7,"ix":5},"lc":1,"lj":1,"ml":4,"bm":0,"nm":"Stroke 1","mn":"ADBE Vector Graphic - Stroke","hd":false},{"ty":"fl","c":{"a":0,"k":[0.898000001907,0.587999999523,0.298000007868,1],"ix":4,"x":"var $bm_rt;\ntry {\n    $bm_rt = thisComp.layer('Controller')('Effects')('Color 5')('ADBE Color Control-0001');\n} catch (e) {\n    $bm_rt = value;\n}"},"o":{"a":0,"k":100,"ix":5},"r":1,"bm":0,"nm":"Fill 1","mn":"ADBE Vector Graphic - Fill","hd":false},{"ty":"tr","p":{"a":0,"k":[95.25,47.339],"ix":2},"a":{"a":0,"k":[0,0],"ix":1},"s":{"a":0,"k":[100,100],"ix":3},"r":{"a":0,"k":0,"ix":6},"o":{"a":0,"k":100,"ix":7},"sk":{"a":0,"k":0,"ix":4},"sa":{"a":0,"k":0,"ix":5},"nm":"Transform"}],"nm":"Group 1","np":4,"cix":2,"bm":0,"ix":1,"mn":"ADBE Vector Group","hd":false},{"ty":"gr","it":[{"ind":0,"ty":"sh","ix":1,"ks":{"a":0,"k":{"i":[[0,0],[0,0],[0,0],[2.913,0],[0,0],[1.453,-2.526]],"o":[[0,0],[0,0],[-1.453,-2.526],[0,0],[-2.913,0],[0,0]],"v":[[-93.206,12.408],[93.206,12.408],[81.282,-8.325],[74.225,-12.408],[-74.225,-12.408],[-81.282,-8.325]],"c":true},"ix":2},"nm":"Path 1","mn":"ADBE Vector Shape - Group","hd":false},{"ty":"fl","c":{"a":0,"k":[0.532999992371,0.587999999523,0.638999998569,1],"ix":4,"x":"var $bm_rt;\ntry {\n    $bm_rt = thisComp.layer('Controller')('Effects')('Color 6')('ADBE Color Control-0001');\n} catch (e) {\n    $bm_rt = value;\n}"},"o":{"a":0,"k":100,"ix":5},"r":1,"bm":0,"nm":"Fill 1","mn":"ADBE Vector Graphic - Fill","hd":false},{"ty":"tr","p":{"a":0,"k":[95.25,12.658],"ix":2},"a":{"a":0,"k":[0,0],"ix":1},"s":{"a":0,"k":[100,100],"ix":3},"r":{"a":0,"k":0,"ix":6},"o":{"a":0,"k":100,"ix":7},"sk":{"a":0,"k":0,"ix":4},"sa":{"a":0,"k":0,"ix":5},"nm":"Transform"}],"nm":"Group 2","np":2,"cix":2,"bm":0,"ix":2,"mn":"ADBE Vector Group","hd":false},{"ty":"tr","p":{"a":0,"k":[282.325,257.487],"ix":2},"a":{"a":0,"k":[95.25,37.376],"ix":1},"s":{"a":0,"k":[100,100],"ix":3},"r":{"a":0,"k":0,"ix":6},"o":{"a":0,"k":100,"ix":7},"sk":{"a":0,"k":0,"ix":4},"sa":{"a":0,"k":0,"ix":5},"nm":"Transform"}],"nm":"Server 1","np":2,"cix":2,"bm":0,"ix":3,"mn":"ADBE Vector Group","hd":false}],"ip":78,"op":150,"st":0,"bm":0}],"markers":[]}